Added Component: Designator=B1(BAT-TH_BS-02-A1AJ010)
Add component (AddParameter): Name = "Add into BOM"; Value = "yes"; VariantName = "[No Variations]"
Add component (AddParameter): Name = "Battery Type"; Value = "CR2032"; VariantName = "[No Variations]"
Add component (AddParameter): Name = "Connector Type"; Value = "电池底座"; VariantName = "[No Variations]"
Add component (AddParameter): Name = "Contact Material"; Value = "磷青铜"; VariantName = "[No Variations]"
Add component (AddParameter): Name = "Contact Plating"; Value = "镍"; VariantName = "[No Variations]"
Add component (AddParameter): Name = "Convert to PCB"; Value = "yes"; VariantName = "[No Variations]"
Add component (AddParameter): Name = "Datasheet"; Value = "https://item.szlcsc.com/datasheet/BS-02-A1AJ010/5943286.html"; VariantName = "[No Variations]"
Add component (AddParameter): Name = "Device"; Value = "BS-02-A1AJ010"; VariantName = "[No Variations]"
Add component (AddParameter): Name = "JLCPCB Part Class"; Value = "Extended Part"; VariantName = "[No Variations]"
Add component (AddParameter): Name = "LCSC Part Name"; Value = "电池底座 适用电池:CR2032"; VariantName = "[No Variations]"
Add component (AddParameter): Name = "Manufacturer"; Value = "MYOUNG(美阳)"; VariantName = "[No Variations]"
Add component (AddParameter): Name = "Manufacturer Part"; Value = "BS-02-A1AJ010"; VariantName = "[No Variations]"
Add component (AddParameter): Name = "Operating Temperature"; Value = "-25℃~+85℃"; VariantName = "[No Variations]"
Add component (AddParameter): Name = "Supplier"; Value = "LCSC"; VariantName = "[No Variations]"
Add component (AddParameter): Name = "Supplier Footprint"; Value = "插件"; VariantName = "[No Variations]"
Add component (AddParameter): Name = "Supplier Part"; Value = "C5239862"; VariantName = "[No Variations]"
Add component (AddParameter): Name = "Symbol"; Value = "BS-02-A1AJ010"; VariantName = "[No Variations]"
Added Component: Designator=C1(0402_C)
Add component (AddParameter): Name = "Add into BOM"; Value = "yes"; VariantName = "[No Variations]"
Add component (AddParameter): Name = "Convert to PCB"; Value = "yes"; VariantName = "[No Variations]"
Add component (AddParameter): Name = "Datasheet"; Value = "https://atta.szlcsc.com/upload/public/pdf/source/20170923/C1554_1506149268708988361.pdf"; VariantName = "[No Variations]"
Add component (AddParameter): Name = "Device"; Value = "0402CG200J500NT"; VariantName = "[No Variations]"
Add component (AddParameter): Name = "JLCPCB Part Class"; Value = "Basic Part"; VariantName = "[No Variations]"
Add component (AddParameter): Name = "LCSC Part Name"; Value = "20pF ±5% 50V"; VariantName = "[No Variations]"
Add component (AddParameter): Name = "Manufacturer"; Value = "FH(风华)"; VariantName = "[No Variations]"
Add component (AddParameter): Name = "Manufacturer Part"; Value = "0402CG200J500NT"; VariantName = "[No Variations]"
Add component (AddParameter): Name = "Name"; Value = "20pF"; VariantName = "[No Variations]"
Add component (AddParameter): Name = "Supplier"; Value = "LCSC"; VariantName = "[No Variations]"
Add component (AddParameter): Name = "Supplier Footprint"; Value = "0402"; VariantName = "[No Variations]"
Add component (AddParameter): Name = "Supplier Part"; Value = "C1554"; VariantName = "[No Variations]"
Add component (AddParameter): Name = "Symbol"; Value = "0402CG200J500NT"; VariantName = "[No Variations]"
Add component (AddParameter): Name = "Temperature Coefficient"; Value = "C0G"; VariantName = "[No Variations]"
Add component (AddParameter): Name = "Tolerance"; Value = "±5%"; VariantName = "[No Variations]"
Add component (AddParameter): Name = "Value"; Value = "20pF"; VariantName = "[No Variations]"
Add component (AddParameter): Name = "Voltage Rated"; Value = "50V"; VariantName = "[No Variations]"
Added Component: Designator=C2(0402_C)
Add component (AddParameter): Name = "Add into BOM"; Value = "yes"; VariantName = "[No Variations]"
Add component (AddParameter): Name = "Convert to PCB"; Value = "yes"; VariantName = "[No Variations]"
Add component (AddParameter): Name = "Datasheet"; Value = "https://atta.szlcsc.com/upload/public/pdf/source/20170923/C1554_1506149268708988361.pdf"; VariantName = "[No Variations]"
Add component (AddParameter): Name = "Device"; Value = "0402CG200J500NT"; VariantName = "[No Variations]"
Add component (AddParameter): Name = "JLCPCB Part Class"; Value = "Basic Part"; VariantName = "[No Variations]"
Add component (AddParameter): Name = "LCSC Part Name"; Value = "20pF ±5% 50V"; VariantName = "[No Variations]"
Add component (AddParameter): Name = "Manufacturer"; Value = "FH(风华)"; VariantName = "[No Variations]"
Add component (AddParameter): Name = "Manufacturer Part"; Value = "0402CG200J500NT"; VariantName = "[No Variations]"
Add component (AddParameter): Name = "Name"; Value = "20pF"; VariantName = "[No Variations]"
Add component (AddParameter): Name = "Supplier"; Value = "LCSC"; VariantName = "[No Variations]"
Add component (AddParameter): Name = "Supplier Footprint"; Value = "0402"; VariantName = "[No Variations]"
Add component (AddParameter): Name = "Supplier Part"; Value = "C1554"; VariantName = "[No Variations]"
Add component (AddParameter): Name = "Symbol"; Value = "0402CG200J500NT"; VariantName = "[No Variations]"
Add component (AddParameter): Name = "Temperature Coefficient"; Value = "C0G"; VariantName = "[No Variations]"
Add component (AddParameter): Name = "Tolerance"; Value = "±5%"; VariantName = "[No Variations]"
Add component (AddParameter): Name = "Value"; Value = "20pF"; VariantName = "[No Variations]"
Add component (AddParameter): Name = "Voltage Rated"; Value = "50V"; VariantName = "[No Variations]"
Added Component: Designator=C3(0402_C)
Add component (AddParameter): Name = "Add into BOM"; Value = "yes"; VariantName = "[No Variations]"
Add component (AddParameter): Name = "Convert to PCB"; Value = "yes"; VariantName = "[No Variations]"
Add component (AddParameter): Name = "Datasheet"; Value = "https://atta.szlcsc.com/upload/public/pdf/source/20170923/C1554_1506149268708988361.pdf"; VariantName = "[No Variations]"
Add component (AddParameter): Name = "Device"; Value = "0402CG200J500NT"; VariantName = "[No Variations]"
Add component (AddParameter): Name = "JLCPCB Part Class"; Value = "Basic Part"; VariantName = "[No Variations]"
Add component (AddParameter): Name = "LCSC Part Name"; Value = "20pF ±5% 50V"; VariantName = "[No Variations]"
Add component (AddParameter): Name = "Manufacturer"; Value = "FH(风华)"; VariantName = "[No Variations]"
Add component (AddParameter): Name = "Manufacturer Part"; Value = "0402CG200J500NT"; VariantName = "[No Variations]"
Add component (AddParameter): Name = "Name"; Value = "20pF"; VariantName = "[No Variations]"
Add component (AddParameter): Name = "Supplier"; Value = "LCSC"; VariantName = "[No Variations]"
Add component (AddParameter): Name = "Supplier Footprint"; Value = "0402"; VariantName = "[No Variations]"
Add component (AddParameter): Name = "Supplier Part"; Value = "C1554"; VariantName = "[No Variations]"
Add component (AddParameter): Name = "Symbol"; Value = "0402CG200J500NT"; VariantName = "[No Variations]"
Add component (AddParameter): Name = "Temperature Coefficient"; Value = "C0G"; VariantName = "[No Variations]"
Add component (AddParameter): Name = "Tolerance"; Value = "±5%"; VariantName = "[No Variations]"
Add component (AddParameter): Name = "Value"; Value = "20pF"; VariantName = "[No Variations]"
Add component (AddParameter): Name = "Voltage Rated"; Value = "50V"; VariantName = "[No Variations]"
Added Component: Designator=C4(0603_C)
Add component (AddParameter): Name = "Add into BOM"; Value = "yes"; VariantName = "[No Variations]"
Add component (AddParameter): Name = "Convert to PCB"; Value = "yes"; VariantName = "[No Variations]"
Add component (AddParameter): Name = "Datasheet"; Value = ""; VariantName = "[No Variations]"
Add component (AddParameter): Name = "Device"; Value = "CGA0603X5R106K100JT"; VariantName = "[No Variations]"
Add component (AddParameter): Name = "JLCPCB Part Class"; Value = "Extended Part"; VariantName = "[No Variations]"
Add component (AddParameter): Name = "LCSC Part Name"; Value = "10uF ±10% 10V"; VariantName = "[No Variations]"
Add component (AddParameter): Name = "Manufacturer"; Value = "HRE(芯声)"; VariantName = "[No Variations]"
Add component (AddParameter): Name = "Manufacturer Part"; Value = "CGA0603X5R106K100JT"; VariantName = "[No Variations]"
Add component (AddParameter): Name = "Supplier"; Value = "LCSC"; VariantName = "[No Variations]"
Add component (AddParameter): Name = "Supplier Footprint"; Value = "0603"; VariantName = "[No Variations]"
Add component (AddParameter): Name = "Supplier Part"; Value = "C6119842"; VariantName = "[No Variations]"
Add component (AddParameter): Name = "Symbol"; Value = "CGA0603X5R106K100JT"; VariantName = "[No Variations]"
Add component (AddParameter): Name = "Temperature Coefficient"; Value = "X5R"; VariantName = "[No Variations]"
Add component (AddParameter): Name = "Tolerance"; Value = "±10%"; VariantName = "[No Variations]"
Add component (AddParameter): Name = "Value"; Value = "10uF"; VariantName = "[No Variations]"
Add component (AddParameter): Name = "Voltage Rating"; Value = "10V"; VariantName = "[No Variations]"
Added Component: Designator=C5(0402_C)
Add component (AddParameter): Name = "Add into BOM"; Value = "yes"; VariantName = "[No Variations]"
Add component (AddParameter): Name = "Convert to PCB"; Value = "yes"; VariantName = "[No Variations]"
Add component (AddParameter): Name = "Datasheet"; Value = "https://atta.szlcsc.com/upload/public/pdf/source/20170923/C1554_1506149268708988361.pdf"; VariantName = "[No Variations]"
Add component (AddParameter): Name = "Device"; Value = "0402CG200J500NT"; VariantName = "[No Variations]"
Add component (AddParameter): Name = "JLCPCB Part Class"; Value = "Basic Part"; VariantName = "[No Variations]"
Add component (AddParameter): Name = "LCSC Part Name"; Value = "20pF ±5% 50V"; VariantName = "[No Variations]"
Add component (AddParameter): Name = "Manufacturer"; Value = "FH(风华)"; VariantName = "[No Variations]"
Add component (AddParameter): Name = "Manufacturer Part"; Value = "0402CG200J500NT"; VariantName = "[No Variations]"
Add component (AddParameter): Name = "Name"; Value = "20pF"; VariantName = "[No Variations]"
Add component (AddParameter): Name = "Supplier"; Value = "LCSC"; VariantName = "[No Variations]"
Add component (AddParameter): Name = "Supplier Footprint"; Value = "0402"; VariantName = "[No Variations]"
Add component (AddParameter): Name = "Supplier Part"; Value = "C1554"; VariantName = "[No Variations]"
Add component (AddParameter): Name = "Symbol"; Value = "0402CG200J500NT"; VariantName = "[No Variations]"
Add component (AddParameter): Name = "Temperature Coefficient"; Value = "C0G"; VariantName = "[No Variations]"
Add component (AddParameter): Name = "Tolerance"; Value = "±5%"; VariantName = "[No Variations]"
Add component (AddParameter): Name = "Value"; Value = "20pF"; VariantName = "[No Variations]"
Add component (AddParameter): Name = "Voltage Rated"; Value = "50V"; VariantName = "[No Variations]"
Added Component: Designator=C6(0603_C)
Add component (AddParameter): Name = "Add into BOM"; Value = "yes"; VariantName = "[No Variations]"
Add component (AddParameter): Name = "Convert to PCB"; Value = "yes"; VariantName = "[No Variations]"
Add component (AddParameter): Name = "Datasheet"; Value = ""; VariantName = "[No Variations]"
Add component (AddParameter): Name = "Device"; Value = "CGA0603X5R106K100JT"; VariantName = "[No Variations]"
Add component (AddParameter): Name = "JLCPCB Part Class"; Value = "Extended Part"; VariantName = "[No Variations]"
Add component (AddParameter): Name = "LCSC Part Name"; Value = "10uF ±10% 10V"; VariantName = "[No Variations]"
Add component (AddParameter): Name = "Manufacturer"; Value = "HRE(芯声)"; VariantName = "[No Variations]"
Add component (AddParameter): Name = "Manufacturer Part"; Value = "CGA0603X5R106K100JT"; VariantName = "[No Variations]"
Add component (AddParameter): Name = "Supplier"; Value = "LCSC"; VariantName = "[No Variations]"
Add component (AddParameter): Name = "Supplier Footprint"; Value = "0603"; VariantName = "[No Variations]"
Add component (AddParameter): Name = "Supplier Part"; Value = "C6119842"; VariantName = "[No Variations]"
Add component (AddParameter): Name = "Symbol"; Value = "CGA0603X5R106K100JT"; VariantName = "[No Variations]"
Add component (AddParameter): Name = "Temperature Coefficient"; Value = "X5R"; VariantName = "[No Variations]"
Add component (AddParameter): Name = "Tolerance"; Value = "±10%"; VariantName = "[No Variations]"
Add component (AddParameter): Name = "Value"; Value = "10uF"; VariantName = "[No Variations]"
Add component (AddParameter): Name = "Voltage Rating"; Value = "10V"; VariantName = "[No Variations]"
Added Component: Designator=C7(0603_C)
Add component (AddParameter): Name = "Add into BOM"; Value = "yes"; VariantName = "[No Variations]"
Add component (AddParameter): Name = "Convert to PCB"; Value = "yes"; VariantName = "[No Variations]"
Add component (AddParameter): Name = "Datasheet"; Value = ""; VariantName = "[No Variations]"
Add component (AddParameter): Name = "Device"; Value = "CGA0603X5R106K100JT"; VariantName = "[No Variations]"
Add component (AddParameter): Name = "JLCPCB Part Class"; Value = "Extended Part"; VariantName = "[No Variations]"
Add component (AddParameter): Name = "LCSC Part Name"; Value = "10uF ±10% 10V"; VariantName = "[No Variations]"
Add component (AddParameter): Name = "Manufacturer"; Value = "HRE(芯声)"; VariantName = "[No Variations]"
Add component (AddParameter): Name = "Manufacturer Part"; Value = "CGA0603X5R106K100JT"; VariantName = "[No Variations]"
Add component (AddParameter): Name = "Supplier"; Value = "LCSC"; VariantName = "[No Variations]"
Add component (AddParameter): Name = "Supplier Footprint"; Value = "0603"; VariantName = "[No Variations]"
Add component (AddParameter): Name = "Supplier Part"; Value = "C6119842"; VariantName = "[No Variations]"
Add component (AddParameter): Name = "Symbol"; Value = "CGA0603X5R106K100JT"; VariantName = "[No Variations]"
Add component (AddParameter): Name = "Temperature Coefficient"; Value = "X5R"; VariantName = "[No Variations]"
Add component (AddParameter): Name = "Tolerance"; Value = "±10%"; VariantName = "[No Variations]"
Add component (AddParameter): Name = "Value"; Value = "10uF"; VariantName = "[No Variations]"
Add component (AddParameter): Name = "Voltage Rating"; Value = "10V"; VariantName = "[No Variations]"
Added Component: Designator=C8(0603_C)
Add component (AddParameter): Name = "Add into BOM"; Value = "yes"; VariantName = "[No Variations]"
Add component (AddParameter): Name = "Convert to PCB"; Value = "yes"; VariantName = "[No Variations]"
Add component (AddParameter): Name = "Datasheet"; Value = ""; VariantName = "[No Variations]"
Add component (AddParameter): Name = "Device"; Value = "CGA0603X5R106K100JT"; VariantName = "[No Variations]"
Add component (AddParameter): Name = "JLCPCB Part Class"; Value = "Extended Part"; VariantName = "[No Variations]"
Add component (AddParameter): Name = "LCSC Part Name"; Value = "10uF ±10% 10V"; VariantName = "[No Variations]"
Add component (AddParameter): Name = "Manufacturer"; Value = "HRE(芯声)"; VariantName = "[No Variations]"
Add component (AddParameter): Name = "Manufacturer Part"; Value = "CGA0603X5R106K100JT"; VariantName = "[No Variations]"
Add component (AddParameter): Name = "Supplier"; Value = "LCSC"; VariantName = "[No Variations]"
Add component (AddParameter): Name = "Supplier Footprint"; Value = "0603"; VariantName = "[No Variations]"
Add component (AddParameter): Name = "Supplier Part"; Value = "C6119842"; VariantName = "[No Variations]"
Add component (AddParameter): Name = "Symbol"; Value = "CGA0603X5R106K100JT"; VariantName = "[No Variations]"
Add component (AddParameter): Name = "Temperature Coefficient"; Value = "X5R"; VariantName = "[No Variations]"
Add component (AddParameter): Name = "Tolerance"; Value = "±10%"; VariantName = "[No Variations]"
Add component (AddParameter): Name = "Value"; Value = "10uF"; VariantName = "[No Variations]"
Add component (AddParameter): Name = "Voltage Rating"; Value = "10V"; VariantName = "[No Variations]"
Added Component: Designator=C9(0402_C)
Add component (AddParameter): Name = "Add into BOM"; Value = "yes"; VariantName = "[No Variations]"
Add component (AddParameter): Name = "Convert to PCB"; Value = "yes"; VariantName = "[No Variations]"
Add component (AddParameter): Name = "Datasheet"; Value = "https://atta.szlcsc.com/upload/public/pdf/source/20170923/C1554_1506149268708988361.pdf"; VariantName = "[No Variations]"
Add component (AddParameter): Name = "Device"; Value = "0402CG200J500NT"; VariantName = "[No Variations]"
Add component (AddParameter): Name = "JLCPCB Part Class"; Value = "Basic Part"; VariantName = "[No Variations]"
Add component (AddParameter): Name = "LCSC Part Name"; Value = "20pF ±5% 50V"; VariantName = "[No Variations]"
Add component (AddParameter): Name = "Manufacturer"; Value = "FH(风华)"; VariantName = "[No Variations]"
Add component (AddParameter): Name = "Manufacturer Part"; Value = "0402CG200J500NT"; VariantName = "[No Variations]"
Add component (AddParameter): Name = "Name"; Value = "20pF"; VariantName = "[No Variations]"
Add component (AddParameter): Name = "Supplier"; Value = "LCSC"; VariantName = "[No Variations]"
Add component (AddParameter): Name = "Supplier Footprint"; Value = "0402"; VariantName = "[No Variations]"
Add component (AddParameter): Name = "Supplier Part"; Value = "C1554"; VariantName = "[No Variations]"
Add component (AddParameter): Name = "Symbol"; Value = "0402CG200J500NT"; VariantName = "[No Variations]"
Add component (AddParameter): Name = "Temperature Coefficient"; Value = "C0G"; VariantName = "[No Variations]"
Add component (AddParameter): Name = "Tolerance"; Value = "±5%"; VariantName = "[No Variations]"
Add component (AddParameter): Name = "Value"; Value = "20pF"; VariantName = "[No Variations]"
Add component (AddParameter): Name = "Voltage Rated"; Value = "50V"; VariantName = "[No Variations]"
Added Component: Designator=C10(0603_C)
Add component (AddParameter): Name = "Add into BOM"; Value = "yes"; VariantName = "[No Variations]"
Add component (AddParameter): Name = "Convert to PCB"; Value = "yes"; VariantName = "[No Variations]"
Add component (AddParameter): Name = "Datasheet"; Value = ""; VariantName = "[No Variations]"
Add component (AddParameter): Name = "Device"; Value = "CGA0603X5R106K100JT"; VariantName = "[No Variations]"
Add component (AddParameter): Name = "JLCPCB Part Class"; Value = "Extended Part"; VariantName = "[No Variations]"
Add component (AddParameter): Name = "LCSC Part Name"; Value = "10uF ±10% 10V"; VariantName = "[No Variations]"
Add component (AddParameter): Name = "Manufacturer"; Value = "HRE(芯声)"; VariantName = "[No Variations]"
Add component (AddParameter): Name = "Manufacturer Part"; Value = "CGA0603X5R106K100JT"; VariantName = "[No Variations]"
Add component (AddParameter): Name = "Supplier"; Value = "LCSC"; VariantName = "[No Variations]"
Add component (AddParameter): Name = "Supplier Footprint"; Value = "0603"; VariantName = "[No Variations]"
Add component (AddParameter): Name = "Supplier Part"; Value = "C6119842"; VariantName = "[No Variations]"
Add component (AddParameter): Name = "Symbol"; Value = "CGA0603X5R106K100JT"; VariantName = "[No Variations]"
Add component (AddParameter): Name = "Temperature Coefficient"; Value = "X5R"; VariantName = "[No Variations]"
Add component (AddParameter): Name = "Tolerance"; Value = "±10%"; VariantName = "[No Variations]"
Add component (AddParameter): Name = "Value"; Value = "10uF"; VariantName = "[No Variations]"
Add component (AddParameter): Name = "Voltage Rating"; Value = "10V"; VariantName = "[No Variations]"
Added Component: Designator=C11(0402_C)
Add component (AddParameter): Name = "Add into BOM"; Value = "yes"; VariantName = "[No Variations]"
Add component (AddParameter): Name = "Convert to PCB"; Value = "yes"; VariantName = "[No Variations]"
Add component (AddParameter): Name = "Datasheet"; Value = "https://atta.szlcsc.com/upload/public/pdf/source/20170923/C1554_1506149268708988361.pdf"; VariantName = "[No Variations]"
Add component (AddParameter): Name = "Device"; Value = "0402CG200J500NT"; VariantName = "[No Variations]"
Add component (AddParameter): Name = "JLCPCB Part Class"; Value = "Basic Part"; VariantName = "[No Variations]"
Add component (AddParameter): Name = "LCSC Part Name"; Value = "20pF ±5% 50V"; VariantName = "[No Variations]"
Add component (AddParameter): Name = "Manufacturer"; Value = "FH(风华)"; VariantName = "[No Variations]"
Add component (AddParameter): Name = "Manufacturer Part"; Value = "0402CG200J500NT"; VariantName = "[No Variations]"
Add component (AddParameter): Name = "Name"; Value = "20pF"; VariantName = "[No Variations]"
Add component (AddParameter): Name = "Supplier"; Value = "LCSC"; VariantName = "[No Variations]"
Add component (AddParameter): Name = "Supplier Footprint"; Value = "0402"; VariantName = "[No Variations]"
Add component (AddParameter): Name = "Supplier Part"; Value = "C1554"; VariantName = "[No Variations]"
Add component (AddParameter): Name = "Symbol"; Value = "0402CG200J500NT"; VariantName = "[No Variations]"
Add component (AddParameter): Name = "Temperature Coefficient"; Value = "C0G"; VariantName = "[No Variations]"
Add component (AddParameter): Name = "Tolerance"; Value = "±5%"; VariantName = "[No Variations]"
Add component (AddParameter): Name = "Value"; Value = "20pF"; VariantName = "[No Variations]"
Add component (AddParameter): Name = "Voltage Rated"; Value = "50V"; VariantName = "[No Variations]"
Added Component: Designator=C12(0402_C)
Add component (AddParameter): Name = "Add into BOM"; Value = "yes"; VariantName = "[No Variations]"
Add component (AddParameter): Name = "Convert to PCB"; Value = "yes"; VariantName = "[No Variations]"
Add component (AddParameter): Name = "Datasheet"; Value = "https://atta.szlcsc.com/upload/public/pdf/source/20170923/C1554_1506149268708988361.pdf"; VariantName = "[No Variations]"
Add component (AddParameter): Name = "Device"; Value = "0402CG200J500NT"; VariantName = "[No Variations]"
Add component (AddParameter): Name = "JLCPCB Part Class"; Value = "Basic Part"; VariantName = "[No Variations]"
Add component (AddParameter): Name = "LCSC Part Name"; Value = "20pF ±5% 50V"; VariantName = "[No Variations]"
Add component (AddParameter): Name = "Manufacturer"; Value = "FH(风华)"; VariantName = "[No Variations]"
Add component (AddParameter): Name = "Manufacturer Part"; Value = "0402CG200J500NT"; VariantName = "[No Variations]"
Add component (AddParameter): Name = "Name"; Value = "20pF"; VariantName = "[No Variations]"
Add component (AddParameter): Name = "Supplier"; Value = "LCSC"; VariantName = "[No Variations]"
Add component (AddParameter): Name = "Supplier Footprint"; Value = "0402"; VariantName = "[No Variations]"
Add component (AddParameter): Name = "Supplier Part"; Value = "C1554"; VariantName = "[No Variations]"
Add component (AddParameter): Name = "Symbol"; Value = "0402CG200J500NT"; VariantName = "[No Variations]"
Add component (AddParameter): Name = "Temperature Coefficient"; Value = "C0G"; VariantName = "[No Variations]"
Add component (AddParameter): Name = "Tolerance"; Value = "±5%"; VariantName = "[No Variations]"
Add component (AddParameter): Name = "Value"; Value = "20pF"; VariantName = "[No Variations]"
Add component (AddParameter): Name = "Voltage Rated"; Value = "50V"; VariantName = "[No Variations]"
Added Component: Designator=C13(0402_C)
Add component (AddParameter): Name = "Add into BOM"; Value = "yes"; VariantName = "[No Variations]"
Add component (AddParameter): Name = "Convert to PCB"; Value = "yes"; VariantName = "[No Variations]"
Add component (AddParameter): Name = "Datasheet"; Value = "https://item.szlcsc.com/datasheet/0402B471K500NT/1889.html"; VariantName = "[No Variations]"
Add component (AddParameter): Name = "Device"; Value = "0402B471K500NT"; VariantName = "[No Variations]"
Add component (AddParameter): Name = "JLCPCB Part Class"; Value = "Extended Part"; VariantName = "[No Variations]"
Add component (AddParameter): Name = "LCSC Part Name"; Value = "470pF ±10% 50V"; VariantName = "[No Variations]"
Add component (AddParameter): Name = "Manufacturer"; Value = "FH(风华)"; VariantName = "[No Variations]"
Add component (AddParameter): Name = "Manufacturer Part"; Value = "0402B471K500NT"; VariantName = "[No Variations]"
Add component (AddParameter): Name = "Supplier"; Value = "LCSC"; VariantName = "[No Variations]"
Add component (AddParameter): Name = "Supplier Footprint"; Value = "0402"; VariantName = "[No Variations]"
Add component (AddParameter): Name = "Supplier Part"; Value = "C1537"; VariantName = "[No Variations]"
Add component (AddParameter): Name = "Symbol"; Value = "0402B471K500NT"; VariantName = "[No Variations]"
Add component (AddParameter): Name = "Temperature Coefficient"; Value = "X7R"; VariantName = "[No Variations]"
Add component (AddParameter): Name = "Tolerance"; Value = "±10%"; VariantName = "[No Variations]"
Add component (AddParameter): Name = "Value"; Value = "470pF"; VariantName = "[No Variations]"
Add component (AddParameter): Name = "Voltage Rating"; Value = "50V"; VariantName = "[No Variations]"
Added Component: Designator=C14(0402_C)
Add component (AddParameter): Name = "Add into BOM"; Value = "yes"; VariantName = "[No Variations]"
Add component (AddParameter): Name = "Convert to PCB"; Value = "yes"; VariantName = "[No Variations]"
Add component (AddParameter): Name = "Datasheet"; Value = "https://atta.szlcsc.com/upload/public/pdf/source/20170923/C1554_1506149268708988361.pdf"; VariantName = "[No Variations]"
Add component (AddParameter): Name = "Device"; Value = "0402CG200J500NT"; VariantName = "[No Variations]"
Add component (AddParameter): Name = "JLCPCB Part Class"; Value = "Basic Part"; VariantName = "[No Variations]"
Add component (AddParameter): Name = "LCSC Part Name"; Value = "20pF ±5% 50V"; VariantName = "[No Variations]"
Add component (AddParameter): Name = "Manufacturer"; Value = "FH(风华)"; VariantName = "[No Variations]"
Add component (AddParameter): Name = "Manufacturer Part"; Value = "0402CG200J500NT"; VariantName = "[No Variations]"
Add component (AddParameter): Name = "Name"; Value = "20pF"; VariantName = "[No Variations]"
Add component (AddParameter): Name = "Supplier"; Value = "LCSC"; VariantName = "[No Variations]"
Add component (AddParameter): Name = "Supplier Footprint"; Value = "0402"; VariantName = "[No Variations]"
Add component (AddParameter): Name = "Supplier Part"; Value = "C1554"; VariantName = "[No Variations]"
Add component (AddParameter): Name = "Symbol"; Value = "0402CG200J500NT"; VariantName = "[No Variations]"
Add component (AddParameter): Name = "Temperature Coefficient"; Value = "C0G"; VariantName = "[No Variations]"
Add component (AddParameter): Name = "Tolerance"; Value = "±5%"; VariantName = "[No Variations]"
Add component (AddParameter): Name = "Value"; Value = "20pF"; VariantName = "[No Variations]"
Add component (AddParameter): Name = "Voltage Rated"; Value = "50V"; VariantName = "[No Variations]"
Added Component: Designator=C15(0402_C)
Add component (AddParameter): Name = "Add into BOM"; Value = "yes"; VariantName = "[No Variations]"
Add component (AddParameter): Name = "Convert to PCB"; Value = "yes"; VariantName = "[No Variations]"
Add component (AddParameter): Name = "Datasheet"; Value = "https://atta.szlcsc.com/upload/public/pdf/source/20170923/C1554_1506149268708988361.pdf"; VariantName = "[No Variations]"
Add component (AddParameter): Name = "Device"; Value = "0402CG200J500NT"; VariantName = "[No Variations]"
Add component (AddParameter): Name = "JLCPCB Part Class"; Value = "Basic Part"; VariantName = "[No Variations]"
Add component (AddParameter): Name = "LCSC Part Name"; Value = "20pF ±5% 50V"; VariantName = "[No Variations]"
Add component (AddParameter): Name = "Manufacturer"; Value = "FH(风华)"; VariantName = "[No Variations]"
Add component (AddParameter): Name = "Manufacturer Part"; Value = "0402CG200J500NT"; VariantName = "[No Variations]"
Add component (AddParameter): Name = "Name"; Value = "20pF"; VariantName = "[No Variations]"
Add component (AddParameter): Name = "Supplier"; Value = "LCSC"; VariantName = "[No Variations]"
Add component (AddParameter): Name = "Supplier Footprint"; Value = "0402"; VariantName = "[No Variations]"
Add component (AddParameter): Name = "Supplier Part"; Value = "C1554"; VariantName = "[No Variations]"
Add component (AddParameter): Name = "Symbol"; Value = "0402CG200J500NT"; VariantName = "[No Variations]"
Add component (AddParameter): Name = "Temperature Coefficient"; Value = "C0G"; VariantName = "[No Variations]"
Add component (AddParameter): Name = "Tolerance"; Value = "±5%"; VariantName = "[No Variations]"
Add component (AddParameter): Name = "Value"; Value = "20pF"; VariantName = "[No Variations]"
Add component (AddParameter): Name = "Voltage Rated"; Value = "50V"; VariantName = "[No Variations]"
Added Component: Designator=C16(0402_C)
Add component (AddParameter): Name = "Add into BOM"; Value = "yes"; VariantName = "[No Variations]"
Add component (AddParameter): Name = "Convert to PCB"; Value = "yes"; VariantName = "[No Variations]"
Add component (AddParameter): Name = "Datasheet"; Value = "https://atta.szlcsc.com/upload/public/pdf/source/20170923/C1554_1506149268708988361.pdf"; VariantName = "[No Variations]"
Add component (AddParameter): Name = "Device"; Value = "0402CG200J500NT"; VariantName = "[No Variations]"
Add component (AddParameter): Name = "JLCPCB Part Class"; Value = "Basic Part"; VariantName = "[No Variations]"
Add component (AddParameter): Name = "LCSC Part Name"; Value = "20pF ±5% 50V"; VariantName = "[No Variations]"
Add component (AddParameter): Name = "Manufacturer"; Value = "FH(风华)"; VariantName = "[No Variations]"
Add component (AddParameter): Name = "Manufacturer Part"; Value = "0402CG200J500NT"; VariantName = "[No Variations]"
Add component (AddParameter): Name = "Name"; Value = "20pF"; VariantName = "[No Variations]"
Add component (AddParameter): Name = "Supplier"; Value = "LCSC"; VariantName = "[No Variations]"
Add component (AddParameter): Name = "Supplier Footprint"; Value = "0402"; VariantName = "[No Variations]"
Add component (AddParameter): Name = "Supplier Part"; Value = "C1554"; VariantName = "[No Variations]"
Add component (AddParameter): Name = "Symbol"; Value = "0402CG200J500NT"; VariantName = "[No Variations]"
Add component (AddParameter): Name = "Temperature Coefficient"; Value = "C0G"; VariantName = "[No Variations]"
Add component (AddParameter): Name = "Tolerance"; Value = "±5%"; VariantName = "[No Variations]"
Add component (AddParameter): Name = "Value"; Value = "20pF"; VariantName = "[No Variations]"
Add component (AddParameter): Name = "Voltage Rated"; Value = "50V"; VariantName = "[No Variations]"
Added Component: Designator=C17(0402_C)
Add component (AddParameter): Name = "Add into BOM"; Value = "yes"; VariantName = "[No Variations]"
Add component (AddParameter): Name = "Convert to PCB"; Value = "yes"; VariantName = "[No Variations]"
Add component (AddParameter): Name = "Datasheet"; Value = "https://atta.szlcsc.com/upload/public/pdf/source/20170923/C1554_1506149268708988361.pdf"; VariantName = "[No Variations]"
Add component (AddParameter): Name = "Device"; Value = "0402CG200J500NT"; VariantName = "[No Variations]"
Add component (AddParameter): Name = "JLCPCB Part Class"; Value = "Basic Part"; VariantName = "[No Variations]"
Add component (AddParameter): Name = "LCSC Part Name"; Value = "20pF ±5% 50V"; VariantName = "[No Variations]"
Add component (AddParameter): Name = "Manufacturer"; Value = "FH(风华)"; VariantName = "[No Variations]"
Add component (AddParameter): Name = "Manufacturer Part"; Value = "0402CG200J500NT"; VariantName = "[No Variations]"
Add component (AddParameter): Name = "Name"; Value = "20pF"; VariantName = "[No Variations]"
Add component (AddParameter): Name = "Supplier"; Value = "LCSC"; VariantName = "[No Variations]"
Add component (AddParameter): Name = "Supplier Footprint"; Value = "0402"; VariantName = "[No Variations]"
Add component (AddParameter): Name = "Supplier Part"; Value = "C1554"; VariantName = "[No Variations]"
Add component (AddParameter): Name = "Symbol"; Value = "0402CG200J500NT"; VariantName = "[No Variations]"
Add component (AddParameter): Name = "Temperature Coefficient"; Value = "C0G"; VariantName = "[No Variations]"
Add component (AddParameter): Name = "Tolerance"; Value = "±5%"; VariantName = "[No Variations]"
Add component (AddParameter): Name = "Value"; Value = "20pF"; VariantName = "[No Variations]"
Add component (AddParameter): Name = "Voltage Rated"; Value = "50V"; VariantName = "[No Variations]"
Added Component: Designator=C18(0402_C)
Add component (AddParameter): Name = "Add into BOM"; Value = "yes"; VariantName = "[No Variations]"
Add component (AddParameter): Name = "Convert to PCB"; Value = "yes"; VariantName = "[No Variations]"
Add component (AddParameter): Name = "Datasheet"; Value = "https://atta.szlcsc.com/upload/public/pdf/source/20170923/C1554_1506149268708988361.pdf"; VariantName = "[No Variations]"
Add component (AddParameter): Name = "Device"; Value = "0402CG200J500NT"; VariantName = "[No Variations]"
Add component (AddParameter): Name = "JLCPCB Part Class"; Value = "Basic Part"; VariantName = "[No Variations]"
Add component (AddParameter): Name = "LCSC Part Name"; Value = "20pF ±5% 50V"; VariantName = "[No Variations]"
Add component (AddParameter): Name = "Manufacturer"; Value = "FH(风华)"; VariantName = "[No Variations]"
Add component (AddParameter): Name = "Manufacturer Part"; Value = "0402CG200J500NT"; VariantName = "[No Variations]"
Add component (AddParameter): Name = "Name"; Value = "20pF"; VariantName = "[No Variations]"
Add component (AddParameter): Name = "Supplier"; Value = "LCSC"; VariantName = "[No Variations]"
Add component (AddParameter): Name = "Supplier Footprint"; Value = "0402"; VariantName = "[No Variations]"
Add component (AddParameter): Name = "Supplier Part"; Value = "C1554"; VariantName = "[No Variations]"
Add component (AddParameter): Name = "Symbol"; Value = "0402CG200J500NT"; VariantName = "[No Variations]"
Add component (AddParameter): Name = "Temperature Coefficient"; Value = "C0G"; VariantName = "[No Variations]"
Add component (AddParameter): Name = "Tolerance"; Value = "±5%"; VariantName = "[No Variations]"
Add component (AddParameter): Name = "Value"; Value = "20pF"; VariantName = "[No Variations]"
Add component (AddParameter): Name = "Voltage Rated"; Value = "50V"; VariantName = "[No Variations]"
Added Component: Designator=C19(0402_C)
Add component (AddParameter): Name = "Add into BOM"; Value = "yes"; VariantName = "[No Variations]"
Add component (AddParameter): Name = "Convert to PCB"; Value = "yes"; VariantName = "[No Variations]"
Add component (AddParameter): Name = "Datasheet"; Value = "https://atta.szlcsc.com/upload/public/pdf/source/20170923/C1554_1506149268708988361.pdf"; VariantName = "[No Variations]"
Add component (AddParameter): Name = "Device"; Value = "0402CG200J500NT"; VariantName = "[No Variations]"
Add component (AddParameter): Name = "JLCPCB Part Class"; Value = "Basic Part"; VariantName = "[No Variations]"
Add component (AddParameter): Name = "LCSC Part Name"; Value = "20pF ±5% 50V"; VariantName = "[No Variations]"
Add component (AddParameter): Name = "Manufacturer"; Value = "FH(风华)"; VariantName = "[No Variations]"
Add component (AddParameter): Name = "Manufacturer Part"; Value = "0402CG200J500NT"; VariantName = "[No Variations]"
Add component (AddParameter): Name = "Name"; Value = "20pF"; VariantName = "[No Variations]"
Add component (AddParameter): Name = "Supplier"; Value = "LCSC"; VariantName = "[No Variations]"
Add component (AddParameter): Name = "Supplier Footprint"; Value = "0402"; VariantName = "[No Variations]"
Add component (AddParameter): Name = "Supplier Part"; Value = "C1554"; VariantName = "[No Variations]"
Add component (AddParameter): Name = "Symbol"; Value = "0402CG200J500NT"; VariantName = "[No Variations]"
Add component (AddParameter): Name = "Temperature Coefficient"; Value = "C0G"; VariantName = "[No Variations]"
Add component (AddParameter): Name = "Tolerance"; Value = "±5%"; VariantName = "[No Variations]"
Add component (AddParameter): Name = "Value"; Value = "20pF"; VariantName = "[No Variations]"
Add component (AddParameter): Name = "Voltage Rated"; Value = "50V"; VariantName = "[No Variations]"
Added Component: Designator=C20(0402_C)
Add component (AddParameter): Name = "Add into BOM"; Value = "yes"; VariantName = "[No Variations]"
Add component (AddParameter): Name = "Convert to PCB"; Value = "yes"; VariantName = "[No Variations]"
Add component (AddParameter): Name = "Datasheet"; Value = "https://atta.szlcsc.com/upload/public/pdf/source/20170923/C1554_1506149268708988361.pdf"; VariantName = "[No Variations]"
Add component (AddParameter): Name = "Device"; Value = "0402CG200J500NT"; VariantName = "[No Variations]"
Add component (AddParameter): Name = "JLCPCB Part Class"; Value = "Basic Part"; VariantName = "[No Variations]"
Add component (AddParameter): Name = "LCSC Part Name"; Value = "20pF ±5% 50V"; VariantName = "[No Variations]"
Add component (AddParameter): Name = "Manufacturer"; Value = "FH(风华)"; VariantName = "[No Variations]"
Add component (AddParameter): Name = "Manufacturer Part"; Value = "0402CG200J500NT"; VariantName = "[No Variations]"
Add component (AddParameter): Name = "Name"; Value = "20pF"; VariantName = "[No Variations]"
Add component (AddParameter): Name = "Supplier"; Value = "LCSC"; VariantName = "[No Variations]"
Add component (AddParameter): Name = "Supplier Footprint"; Value = "0402"; VariantName = "[No Variations]"
Add component (AddParameter): Name = "Supplier Part"; Value = "C1554"; VariantName = "[No Variations]"
Add component (AddParameter): Name = "Symbol"; Value = "0402CG200J500NT"; VariantName = "[No Variations]"
Add component (AddParameter): Name = "Temperature Coefficient"; Value = "C0G"; VariantName = "[No Variations]"
Add component (AddParameter): Name = "Tolerance"; Value = "±5%"; VariantName = "[No Variations]"
Add component (AddParameter): Name = "Value"; Value = "20pF"; VariantName = "[No Variations]"
Add component (AddParameter): Name = "Voltage Rated"; Value = "50V"; VariantName = "[No Variations]"
Added Component: Designator=C21(1206_C)
Add component (AddParameter): Name = "Add into BOM"; Value = "yes"; VariantName = "[No Variations]"
Add component (AddParameter): Name = "Convert to PCB"; Value = "yes"; VariantName = "[No Variations]"
Add component (AddParameter): Name = "Datasheet"; Value = "https://item.szlcsc.com/datasheet/CL31A107MQHNNNE/15681.html"; VariantName = "[No Variations]"
Add component (AddParameter): Name = "Device"; Value = "CL31A107MQHNNNE"; VariantName = "[No Variations]"
Add component (AddParameter): Name = "JLCPCB Part Class"; Value = "Basic Part"; VariantName = "[No Variations]"
Add component (AddParameter): Name = "LCSC Part Name"; Value = "100uF ±20% 6.3V"; VariantName = "[No Variations]"
Add component (AddParameter): Name = "Manufacturer"; Value = "SAMSUNG(三星)"; VariantName = "[No Variations]"
Add component (AddParameter): Name = "Manufacturer Part"; Value = "CL31A107MQHNNNE"; VariantName = "[No Variations]"
Add component (AddParameter): Name = "Supplier"; Value = "LCSC"; VariantName = "[No Variations]"
Add component (AddParameter): Name = "Supplier Footprint"; Value = "1206"; VariantName = "[No Variations]"
Add component (AddParameter): Name = "Supplier Part"; Value = "C15008"; VariantName = "[No Variations]"
Add component (AddParameter): Name = "Symbol"; Value = "CL31A107MQHNNNE"; VariantName = "[No Variations]"
Add component (AddParameter): Name = "Temperature Coefficient"; Value = "X5R"; VariantName = "[No Variations]"
Add component (AddParameter): Name = "Tolerance"; Value = "±20%"; VariantName = "[No Variations]"
Add component (AddParameter): Name = "Value"; Value = "100uF"; VariantName = "[No Variations]"
Add component (AddParameter): Name = "Voltage Rating"; Value = "6.3V"; VariantName = "[No Variations]"
Added Component: Designator=C22(0402_C)
Add component (AddParameter): Name = "Add into BOM"; Value = "yes"; VariantName = "[No Variations]"
Add component (AddParameter): Name = "Convert to PCB"; Value = "yes"; VariantName = "[No Variations]"
Add component (AddParameter): Name = "Datasheet"; Value = "https://atta.szlcsc.com/upload/public/pdf/source/20170923/C1554_1506149268708988361.pdf"; VariantName = "[No Variations]"
Add component (AddParameter): Name = "Device"; Value = "0402CG200J500NT"; VariantName = "[No Variations]"
Add component (AddParameter): Name = "JLCPCB Part Class"; Value = "Basic Part"; VariantName = "[No Variations]"
Add component (AddParameter): Name = "LCSC Part Name"; Value = "20pF ±5% 50V"; VariantName = "[No Variations]"
Add component (AddParameter): Name = "Manufacturer"; Value = "FH(风华)"; VariantName = "[No Variations]"
Add component (AddParameter): Name = "Manufacturer Part"; Value = "0402CG200J500NT"; VariantName = "[No Variations]"
Add component (AddParameter): Name = "Name"; Value = "20pF"; VariantName = "[No Variations]"
Add component (AddParameter): Name = "Supplier"; Value = "LCSC"; VariantName = "[No Variations]"
Add component (AddParameter): Name = "Supplier Footprint"; Value = "0402"; VariantName = "[No Variations]"
Add component (AddParameter): Name = "Supplier Part"; Value = "C1554"; VariantName = "[No Variations]"
Add component (AddParameter): Name = "Symbol"; Value = "0402CG200J500NT"; VariantName = "[No Variations]"
Add component (AddParameter): Name = "Temperature Coefficient"; Value = "C0G"; VariantName = "[No Variations]"
Add component (AddParameter): Name = "Tolerance"; Value = "±5%"; VariantName = "[No Variations]"
Add component (AddParameter): Name = "Value"; Value = "20pF"; VariantName = "[No Variations]"
Add component (AddParameter): Name = "Voltage Rated"; Value = "50V"; VariantName = "[No Variations]"
Added Component: Designator=C23(0402_C)
Add component (AddParameter): Name = "Add into BOM"; Value = "yes"; VariantName = "[No Variations]"
Add component (AddParameter): Name = "Convert to PCB"; Value = "yes"; VariantName = "[No Variations]"
Add component (AddParameter): Name = "Datasheet"; Value = "https://atta.szlcsc.com/upload/public/pdf/source/20170923/C1554_1506149268708988361.pdf"; VariantName = "[No Variations]"
Add component (AddParameter): Name = "Device"; Value = "0402CG200J500NT"; VariantName = "[No Variations]"
Add component (AddParameter): Name = "JLCPCB Part Class"; Value = "Basic Part"; VariantName = "[No Variations]"
Add component (AddParameter): Name = "LCSC Part Name"; Value = "20pF ±5% 50V"; VariantName = "[No Variations]"
Add component (AddParameter): Name = "Manufacturer"; Value = "FH(风华)"; VariantName = "[No Variations]"
Add component (AddParameter): Name = "Manufacturer Part"; Value = "0402CG200J500NT"; VariantName = "[No Variations]"
Add component (AddParameter): Name = "Name"; Value = "20pF"; VariantName = "[No Variations]"
Add component (AddParameter): Name = "Supplier"; Value = "LCSC"; VariantName = "[No Variations]"
Add component (AddParameter): Name = "Supplier Footprint"; Value = "0402"; VariantName = "[No Variations]"
Add component (AddParameter): Name = "Supplier Part"; Value = "C1554"; VariantName = "[No Variations]"
Add component (AddParameter): Name = "Symbol"; Value = "0402CG200J500NT"; VariantName = "[No Variations]"
Add component (AddParameter): Name = "Temperature Coefficient"; Value = "C0G"; VariantName = "[No Variations]"
Add component (AddParameter): Name = "Tolerance"; Value = "±5%"; VariantName = "[No Variations]"
Add component (AddParameter): Name = "Value"; Value = "20pF"; VariantName = "[No Variations]"
Add component (AddParameter): Name = "Voltage Rated"; Value = "50V"; VariantName = "[No Variations]"
Added Component: Designator=C24(0402_C)
Add component (AddParameter): Name = "Add into BOM"; Value = "yes"; VariantName = "[No Variations]"
Add component (AddParameter): Name = "Convert to PCB"; Value = "yes"; VariantName = "[No Variations]"
Add component (AddParameter): Name = "Datasheet"; Value = "https://atta.szlcsc.com/upload/public/pdf/source/20170923/C1554_1506149268708988361.pdf"; VariantName = "[No Variations]"
Add component (AddParameter): Name = "Device"; Value = "0402CG200J500NT"; VariantName = "[No Variations]"
Add component (AddParameter): Name = "JLCPCB Part Class"; Value = "Basic Part"; VariantName = "[No Variations]"
Add component (AddParameter): Name = "LCSC Part Name"; Value = "20pF ±5% 50V"; VariantName = "[No Variations]"
Add component (AddParameter): Name = "Manufacturer"; Value = "FH(风华)"; VariantName = "[No Variations]"
Add component (AddParameter): Name = "Manufacturer Part"; Value = "0402CG200J500NT"; VariantName = "[No Variations]"
Add component (AddParameter): Name = "Name"; Value = "20pF"; VariantName = "[No Variations]"
Add component (AddParameter): Name = "Supplier"; Value = "LCSC"; VariantName = "[No Variations]"
Add component (AddParameter): Name = "Supplier Footprint"; Value = "0402"; VariantName = "[No Variations]"
Add component (AddParameter): Name = "Supplier Part"; Value = "C1554"; VariantName = "[No Variations]"
Add component (AddParameter): Name = "Symbol"; Value = "0402CG200J500NT"; VariantName = "[No Variations]"
Add component (AddParameter): Name = "Temperature Coefficient"; Value = "C0G"; VariantName = "[No Variations]"
Add component (AddParameter): Name = "Tolerance"; Value = "±5%"; VariantName = "[No Variations]"
Add component (AddParameter): Name = "Value"; Value = "20pF"; VariantName = "[No Variations]"
Add component (AddParameter): Name = "Voltage Rated"; Value = "50V"; VariantName = "[No Variations]"
Added Component: Designator=C25(0402_C)
Add component (AddParameter): Name = "Add into BOM"; Value = "yes"; VariantName = "[No Variations]"
Add component (AddParameter): Name = "Convert to PCB"; Value = "yes"; VariantName = "[No Variations]"
Add component (AddParameter): Name = "Datasheet"; Value = "https://atta.szlcsc.com/upload/public/pdf/source/20170923/C1554_1506149268708988361.pdf"; VariantName = "[No Variations]"
Add component (AddParameter): Name = "Device"; Value = "0402CG200J500NT"; VariantName = "[No Variations]"
Add component (AddParameter): Name = "JLCPCB Part Class"; Value = "Basic Part"; VariantName = "[No Variations]"
Add component (AddParameter): Name = "LCSC Part Name"; Value = "20pF ±5% 50V"; VariantName = "[No Variations]"
Add component (AddParameter): Name = "Manufacturer"; Value = "FH(风华)"; VariantName = "[No Variations]"
Add component (AddParameter): Name = "Manufacturer Part"; Value = "0402CG200J500NT"; VariantName = "[No Variations]"
Add component (AddParameter): Name = "Name"; Value = "20pF"; VariantName = "[No Variations]"
Add component (AddParameter): Name = "Supplier"; Value = "LCSC"; VariantName = "[No Variations]"
Add component (AddParameter): Name = "Supplier Footprint"; Value = "0402"; VariantName = "[No Variations]"
Add component (AddParameter): Name = "Supplier Part"; Value = "C1554"; VariantName = "[No Variations]"
Add component (AddParameter): Name = "Symbol"; Value = "0402CG200J500NT"; VariantName = "[No Variations]"
Add component (AddParameter): Name = "Temperature Coefficient"; Value = "C0G"; VariantName = "[No Variations]"
Add component (AddParameter): Name = "Tolerance"; Value = "±5%"; VariantName = "[No Variations]"
Add component (AddParameter): Name = "Value"; Value = "20pF"; VariantName = "[No Variations]"
Add component (AddParameter): Name = "Voltage Rated"; Value = "50V"; VariantName = "[No Variations]"
Added Component: Designator=C26(0402_C)
Add component (AddParameter): Name = "Add into BOM"; Value = "yes"; VariantName = "[No Variations]"
Add component (AddParameter): Name = "Convert to PCB"; Value = "yes"; VariantName = "[No Variations]"
Add component (AddParameter): Name = "Datasheet"; Value = "https://atta.szlcsc.com/upload/public/pdf/source/20170923/C1554_1506149268708988361.pdf"; VariantName = "[No Variations]"
Add component (AddParameter): Name = "Device"; Value = "0402CG200J500NT"; VariantName = "[No Variations]"
Add component (AddParameter): Name = "JLCPCB Part Class"; Value = "Basic Part"; VariantName = "[No Variations]"
Add component (AddParameter): Name = "LCSC Part Name"; Value = "20pF ±5% 50V"; VariantName = "[No Variations]"
Add component (AddParameter): Name = "Manufacturer"; Value = "FH(风华)"; VariantName = "[No Variations]"
Add component (AddParameter): Name = "Manufacturer Part"; Value = "0402CG200J500NT"; VariantName = "[No Variations]"
Add component (AddParameter): Name = "Name"; Value = "20pF"; VariantName = "[No Variations]"
Add component (AddParameter): Name = "Supplier"; Value = "LCSC"; VariantName = "[No Variations]"
Add component (AddParameter): Name = "Supplier Footprint"; Value = "0402"; VariantName = "[No Variations]"
Add component (AddParameter): Name = "Supplier Part"; Value = "C1554"; VariantName = "[No Variations]"
Add component (AddParameter): Name = "Symbol"; Value = "0402CG200J500NT"; VariantName = "[No Variations]"
Add component (AddParameter): Name = "Temperature Coefficient"; Value = "C0G"; VariantName = "[No Variations]"
Add component (AddParameter): Name = "Tolerance"; Value = "±5%"; VariantName = "[No Variations]"
Add component (AddParameter): Name = "Value"; Value = "20pF"; VariantName = "[No Variations]"
Add component (AddParameter): Name = "Voltage Rated"; Value = "50V"; VariantName = "[No Variations]"
Added Component: Designator=C27(0402_C)
Add component (AddParameter): Name = "Add into BOM"; Value = "yes"; VariantName = "[No Variations]"
Add component (AddParameter): Name = "Convert to PCB"; Value = "yes"; VariantName = "[No Variations]"
Add component (AddParameter): Name = "Datasheet"; Value = "https://atta.szlcsc.com/upload/public/pdf/source/20170923/C1554_1506149268708988361.pdf"; VariantName = "[No Variations]"
Add component (AddParameter): Name = "Device"; Value = "0402CG200J500NT"; VariantName = "[No Variations]"
Add component (AddParameter): Name = "JLCPCB Part Class"; Value = "Basic Part"; VariantName = "[No Variations]"
Add component (AddParameter): Name = "LCSC Part Name"; Value = "20pF ±5% 50V"; VariantName = "[No Variations]"
Add component (AddParameter): Name = "Manufacturer"; Value = "FH(风华)"; VariantName = "[No Variations]"
Add component (AddParameter): Name = "Manufacturer Part"; Value = "0402CG200J500NT"; VariantName = "[No Variations]"
Add component (AddParameter): Name = "Name"; Value = "20pF"; VariantName = "[No Variations]"
Add component (AddParameter): Name = "Supplier"; Value = "LCSC"; VariantName = "[No Variations]"
Add component (AddParameter): Name = "Supplier Footprint"; Value = "0402"; VariantName = "[No Variations]"
Add component (AddParameter): Name = "Supplier Part"; Value = "C1554"; VariantName = "[No Variations]"
Add component (AddParameter): Name = "Symbol"; Value = "0402CG200J500NT"; VariantName = "[No Variations]"
Add component (AddParameter): Name = "Temperature Coefficient"; Value = "C0G"; VariantName = "[No Variations]"
Add component (AddParameter): Name = "Tolerance"; Value = "±5%"; VariantName = "[No Variations]"
Add component (AddParameter): Name = "Value"; Value = "20pF"; VariantName = "[No Variations]"
Add component (AddParameter): Name = "Voltage Rated"; Value = "50V"; VariantName = "[No Variations]"
Added Component: Designator=C28(0402_C)
Add component (AddParameter): Name = "Add into BOM"; Value = "yes"; VariantName = "[No Variations]"
Add component (AddParameter): Name = "Convert to PCB"; Value = "yes"; VariantName = "[No Variations]"
Add component (AddParameter): Name = "Datasheet"; Value = "https://atta.szlcsc.com/upload/public/pdf/source/20170923/C1554_1506149268708988361.pdf"; VariantName = "[No Variations]"
Add component (AddParameter): Name = "Device"; Value = "0402CG200J500NT"; VariantName = "[No Variations]"
Add component (AddParameter): Name = "JLCPCB Part Class"; Value = "Basic Part"; VariantName = "[No Variations]"
Add component (AddParameter): Name = "LCSC Part Name"; Value = "20pF ±5% 50V"; VariantName = "[No Variations]"
Add component (AddParameter): Name = "Manufacturer"; Value = "FH(风华)"; VariantName = "[No Variations]"
Add component (AddParameter): Name = "Manufacturer Part"; Value = "0402CG200J500NT"; VariantName = "[No Variations]"
Add component (AddParameter): Name = "Name"; Value = "20pF"; VariantName = "[No Variations]"
Add component (AddParameter): Name = "Supplier"; Value = "LCSC"; VariantName = "[No Variations]"
Add component (AddParameter): Name = "Supplier Footprint"; Value = "0402"; VariantName = "[No Variations]"
Add component (AddParameter): Name = "Supplier Part"; Value = "C1554"; VariantName = "[No Variations]"
Add component (AddParameter): Name = "Symbol"; Value = "0402CG200J500NT"; VariantName = "[No Variations]"
Add component (AddParameter): Name = "Temperature Coefficient"; Value = "C0G"; VariantName = "[No Variations]"
Add component (AddParameter): Name = "Tolerance"; Value = "±5%"; VariantName = "[No Variations]"
Add component (AddParameter): Name = "Value"; Value = "20pF"; VariantName = "[No Variations]"
Add component (AddParameter): Name = "Voltage Rated"; Value = "50V"; VariantName = "[No Variations]"
Added Component: Designator=C29(0402_C)
Add component (AddParameter): Name = "Add into BOM"; Value = "yes"; VariantName = "[No Variations]"
Add component (AddParameter): Name = "Convert to PCB"; Value = "yes"; VariantName = "[No Variations]"
Add component (AddParameter): Name = "Datasheet"; Value = "https://atta.szlcsc.com/upload/public/pdf/source/20170923/C1554_1506149268708988361.pdf"; VariantName = "[No Variations]"
Add component (AddParameter): Name = "Device"; Value = "0402CG200J500NT"; VariantName = "[No Variations]"
Add component (AddParameter): Name = "JLCPCB Part Class"; Value = "Basic Part"; VariantName = "[No Variations]"
Add component (AddParameter): Name = "LCSC Part Name"; Value = "20pF ±5% 50V"; VariantName = "[No Variations]"
Add component (AddParameter): Name = "Manufacturer"; Value = "FH(风华)"; VariantName = "[No Variations]"
Add component (AddParameter): Name = "Manufacturer Part"; Value = "0402CG200J500NT"; VariantName = "[No Variations]"
Add component (AddParameter): Name = "Name"; Value = "20pF"; VariantName = "[No Variations]"
Add component (AddParameter): Name = "Supplier"; Value = "LCSC"; VariantName = "[No Variations]"
Add component (AddParameter): Name = "Supplier Footprint"; Value = "0402"; VariantName = "[No Variations]"
Add component (AddParameter): Name = "Supplier Part"; Value = "C1554"; VariantName = "[No Variations]"
Add component (AddParameter): Name = "Symbol"; Value = "0402CG200J500NT"; VariantName = "[No Variations]"
Add component (AddParameter): Name = "Temperature Coefficient"; Value = "C0G"; VariantName = "[No Variations]"
Add component (AddParameter): Name = "Tolerance"; Value = "±5%"; VariantName = "[No Variations]"
Add component (AddParameter): Name = "Value"; Value = "20pF"; VariantName = "[No Variations]"
Add component (AddParameter): Name = "Voltage Rated"; Value = "50V"; VariantName = "[No Variations]"
Added Component: Designator=C30(0402_C)
Add component (AddParameter): Name = "Add into BOM"; Value = "yes"; VariantName = "[No Variations]"
Add component (AddParameter): Name = "Convert to PCB"; Value = "yes"; VariantName = "[No Variations]"
Add component (AddParameter): Name = "Datasheet"; Value = "https://atta.szlcsc.com/upload/public/pdf/source/20170923/C1554_1506149268708988361.pdf"; VariantName = "[No Variations]"
Add component (AddParameter): Name = "Device"; Value = "0402CG200J500NT"; VariantName = "[No Variations]"
Add component (AddParameter): Name = "JLCPCB Part Class"; Value = "Basic Part"; VariantName = "[No Variations]"
Add component (AddParameter): Name = "LCSC Part Name"; Value = "20pF ±5% 50V"; VariantName = "[No Variations]"
Add component (AddParameter): Name = "Manufacturer"; Value = "FH(风华)"; VariantName = "[No Variations]"
Add component (AddParameter): Name = "Manufacturer Part"; Value = "0402CG200J500NT"; VariantName = "[No Variations]"
Add component (AddParameter): Name = "Name"; Value = "20pF"; VariantName = "[No Variations]"
Add component (AddParameter): Name = "Supplier"; Value = "LCSC"; VariantName = "[No Variations]"
Add component (AddParameter): Name = "Supplier Footprint"; Value = "0402"; VariantName = "[No Variations]"
Add component (AddParameter): Name = "Supplier Part"; Value = "C1554"; VariantName = "[No Variations]"
Add component (AddParameter): Name = "Symbol"; Value = "0402CG200J500NT"; VariantName = "[No Variations]"
Add component (AddParameter): Name = "Temperature Coefficient"; Value = "C0G"; VariantName = "[No Variations]"
Add component (AddParameter): Name = "Tolerance"; Value = "±5%"; VariantName = "[No Variations]"
Add component (AddParameter): Name = "Value"; Value = "20pF"; VariantName = "[No Variations]"
Add component (AddParameter): Name = "Voltage Rated"; Value = "50V"; VariantName = "[No Variations]"
Added Component: Designator=C31(0402_C)
Add component (AddParameter): Name = "Add into BOM"; Value = "yes"; VariantName = "[No Variations]"
Add component (AddParameter): Name = "Convert to PCB"; Value = "yes"; VariantName = "[No Variations]"
Add component (AddParameter): Name = "Datasheet"; Value = "https://atta.szlcsc.com/upload/public/pdf/source/20170923/C1554_1506149268708988361.pdf"; VariantName = "[No Variations]"
Add component (AddParameter): Name = "Device"; Value = "0402CG200J500NT"; VariantName = "[No Variations]"
Add component (AddParameter): Name = "JLCPCB Part Class"; Value = "Basic Part"; VariantName = "[No Variations]"
Add component (AddParameter): Name = "LCSC Part Name"; Value = "20pF ±5% 50V"; VariantName = "[No Variations]"
Add component (AddParameter): Name = "Manufacturer"; Value = "FH(风华)"; VariantName = "[No Variations]"
Add component (AddParameter): Name = "Manufacturer Part"; Value = "0402CG200J500NT"; VariantName = "[No Variations]"
Add component (AddParameter): Name = "Name"; Value = "20pF"; VariantName = "[No Variations]"
Add component (AddParameter): Name = "Supplier"; Value = "LCSC"; VariantName = "[No Variations]"
Add component (AddParameter): Name = "Supplier Footprint"; Value = "0402"; VariantName = "[No Variations]"
Add component (AddParameter): Name = "Supplier Part"; Value = "C1554"; VariantName = "[No Variations]"
Add component (AddParameter): Name = "Symbol"; Value = "0402CG200J500NT"; VariantName = "[No Variations]"
Add component (AddParameter): Name = "Temperature Coefficient"; Value = "C0G"; VariantName = "[No Variations]"
Add component (AddParameter): Name = "Tolerance"; Value = "±5%"; VariantName = "[No Variations]"
Add component (AddParameter): Name = "Value"; Value = "20pF"; VariantName = "[No Variations]"
Add component (AddParameter): Name = "Voltage Rated"; Value = "50V"; VariantName = "[No Variations]"
Added Component: Designator=C32(0402_C)
Add component (AddParameter): Name = "Add into BOM"; Value = "yes"; VariantName = "[No Variations]"
Add component (AddParameter): Name = "Convert to PCB"; Value = "yes"; VariantName = "[No Variations]"
Add component (AddParameter): Name = "Datasheet"; Value = "https://atta.szlcsc.com/upload/public/pdf/source/20170923/C1554_1506149268708988361.pdf"; VariantName = "[No Variations]"
Add component (AddParameter): Name = "Device"; Value = "0402CG200J500NT"; VariantName = "[No Variations]"
Add component (AddParameter): Name = "JLCPCB Part Class"; Value = "Basic Part"; VariantName = "[No Variations]"
Add component (AddParameter): Name = "LCSC Part Name"; Value = "20pF ±5% 50V"; VariantName = "[No Variations]"
Add component (AddParameter): Name = "Manufacturer"; Value = "FH(风华)"; VariantName = "[No Variations]"
Add component (AddParameter): Name = "Manufacturer Part"; Value = "0402CG200J500NT"; VariantName = "[No Variations]"
Add component (AddParameter): Name = "Name"; Value = "20pF"; VariantName = "[No Variations]"
Add component (AddParameter): Name = "Supplier"; Value = "LCSC"; VariantName = "[No Variations]"
Add component (AddParameter): Name = "Supplier Footprint"; Value = "0402"; VariantName = "[No Variations]"
Add component (AddParameter): Name = "Supplier Part"; Value = "C1554"; VariantName = "[No Variations]"
Add component (AddParameter): Name = "Symbol"; Value = "0402CG200J500NT"; VariantName = "[No Variations]"
Add component (AddParameter): Name = "Temperature Coefficient"; Value = "C0G"; VariantName = "[No Variations]"
Add component (AddParameter): Name = "Tolerance"; Value = "±5%"; VariantName = "[No Variations]"
Add component (AddParameter): Name = "Value"; Value = "20pF"; VariantName = "[No Variations]"
Add component (AddParameter): Name = "Voltage Rated"; Value = "50V"; VariantName = "[No Variations]"
Added Component: Designator=C33(0402_C)
Add component (AddParameter): Name = "Add into BOM"; Value = "yes"; VariantName = "[No Variations]"
Add component (AddParameter): Name = "Convert to PCB"; Value = "yes"; VariantName = "[No Variations]"
Add component (AddParameter): Name = "Datasheet"; Value = "https://atta.szlcsc.com/upload/public/pdf/source/20170923/C1554_1506149268708988361.pdf"; VariantName = "[No Variations]"
Add component (AddParameter): Name = "Device"; Value = "0402CG200J500NT"; VariantName = "[No Variations]"
Add component (AddParameter): Name = "JLCPCB Part Class"; Value = "Basic Part"; VariantName = "[No Variations]"
Add component (AddParameter): Name = "LCSC Part Name"; Value = "20pF ±5% 50V"; VariantName = "[No Variations]"
Add component (AddParameter): Name = "Manufacturer"; Value = "FH(风华)"; VariantName = "[No Variations]"
Add component (AddParameter): Name = "Manufacturer Part"; Value = "0402CG200J500NT"; VariantName = "[No Variations]"
Add component (AddParameter): Name = "Name"; Value = "20pF"; VariantName = "[No Variations]"
Add component (AddParameter): Name = "Supplier"; Value = "LCSC"; VariantName = "[No Variations]"
Add component (AddParameter): Name = "Supplier Footprint"; Value = "0402"; VariantName = "[No Variations]"
Add component (AddParameter): Name = "Supplier Part"; Value = "C1554"; VariantName = "[No Variations]"
Add component (AddParameter): Name = "Symbol"; Value = "0402CG200J500NT"; VariantName = "[No Variations]"
Add component (AddParameter): Name = "Temperature Coefficient"; Value = "C0G"; VariantName = "[No Variations]"
Add component (AddParameter): Name = "Tolerance"; Value = "±5%"; VariantName = "[No Variations]"
Add component (AddParameter): Name = "Value"; Value = "20pF"; VariantName = "[No Variations]"
Add component (AddParameter): Name = "Voltage Rated"; Value = "50V"; VariantName = "[No Variations]"
Added Component: Designator=C34(0402_C)
Add component (AddParameter): Name = "Add into BOM"; Value = "yes"; VariantName = "[No Variations]"
Add component (AddParameter): Name = "Convert to PCB"; Value = "yes"; VariantName = "[No Variations]"
Add component (AddParameter): Name = "Datasheet"; Value = "https://atta.szlcsc.com/upload/public/pdf/source/20170923/C1554_1506149268708988361.pdf"; VariantName = "[No Variations]"
Add component (AddParameter): Name = "Device"; Value = "0402CG200J500NT"; VariantName = "[No Variations]"
Add component (AddParameter): Name = "JLCPCB Part Class"; Value = "Basic Part"; VariantName = "[No Variations]"
Add component (AddParameter): Name = "LCSC Part Name"; Value = "20pF ±5% 50V"; VariantName = "[No Variations]"
Add component (AddParameter): Name = "Manufacturer"; Value = "FH(风华)"; VariantName = "[No Variations]"
Add component (AddParameter): Name = "Manufacturer Part"; Value = "0402CG200J500NT"; VariantName = "[No Variations]"
Add component (AddParameter): Name = "Name"; Value = "20pF"; VariantName = "[No Variations]"
Add component (AddParameter): Name = "Supplier"; Value = "LCSC"; VariantName = "[No Variations]"
Add component (AddParameter): Name = "Supplier Footprint"; Value = "0402"; VariantName = "[No Variations]"
Add component (AddParameter): Name = "Supplier Part"; Value = "C1554"; VariantName = "[No Variations]"
Add component (AddParameter): Name = "Symbol"; Value = "0402CG200J500NT"; VariantName = "[No Variations]"
Add component (AddParameter): Name = "Temperature Coefficient"; Value = "C0G"; VariantName = "[No Variations]"
Add component (AddParameter): Name = "Tolerance"; Value = "±5%"; VariantName = "[No Variations]"
Add component (AddParameter): Name = "Value"; Value = "20pF"; VariantName = "[No Variations]"
Add component (AddParameter): Name = "Voltage Rated"; Value = "50V"; VariantName = "[No Variations]"
Added Component: Designator=C35(0402_C)
Add component (AddParameter): Name = "Add into BOM"; Value = "yes"; VariantName = "[No Variations]"
Add component (AddParameter): Name = "Convert to PCB"; Value = "yes"; VariantName = "[No Variations]"
Add component (AddParameter): Name = "Datasheet"; Value = "https://atta.szlcsc.com/upload/public/pdf/source/20170923/C1554_1506149268708988361.pdf"; VariantName = "[No Variations]"
Add component (AddParameter): Name = "Device"; Value = "0402CG200J500NT"; VariantName = "[No Variations]"
Add component (AddParameter): Name = "JLCPCB Part Class"; Value = "Basic Part"; VariantName = "[No Variations]"
Add component (AddParameter): Name = "LCSC Part Name"; Value = "20pF ±5% 50V"; VariantName = "[No Variations]"
Add component (AddParameter): Name = "Manufacturer"; Value = "FH(风华)"; VariantName = "[No Variations]"
Add component (AddParameter): Name = "Manufacturer Part"; Value = "0402CG200J500NT"; VariantName = "[No Variations]"
Add component (AddParameter): Name = "Name"; Value = "20pF"; VariantName = "[No Variations]"
Add component (AddParameter): Name = "Supplier"; Value = "LCSC"; VariantName = "[No Variations]"
Add component (AddParameter): Name = "Supplier Footprint"; Value = "0402"; VariantName = "[No Variations]"
Add component (AddParameter): Name = "Supplier Part"; Value = "C1554"; VariantName = "[No Variations]"
Add component (AddParameter): Name = "Symbol"; Value = "0402CG200J500NT"; VariantName = "[No Variations]"
Add component (AddParameter): Name = "Temperature Coefficient"; Value = "C0G"; VariantName = "[No Variations]"
Add component (AddParameter): Name = "Tolerance"; Value = "±5%"; VariantName = "[No Variations]"
Add component (AddParameter): Name = "Value"; Value = "20pF"; VariantName = "[No Variations]"
Add component (AddParameter): Name = "Voltage Rated"; Value = "50V"; VariantName = "[No Variations]"
Added Component: Designator=C36(0402_C)
Add component (AddParameter): Name = "Add into BOM"; Value = "yes"; VariantName = "[No Variations]"
Add component (AddParameter): Name = "Convert to PCB"; Value = "yes"; VariantName = "[No Variations]"
Add component (AddParameter): Name = "Datasheet"; Value = "https://atta.szlcsc.com/upload/public/pdf/source/20170923/C1554_1506149268708988361.pdf"; VariantName = "[No Variations]"
Add component (AddParameter): Name = "Device"; Value = "0402CG200J500NT"; VariantName = "[No Variations]"
Add component (AddParameter): Name = "JLCPCB Part Class"; Value = "Basic Part"; VariantName = "[No Variations]"
Add component (AddParameter): Name = "LCSC Part Name"; Value = "20pF ±5% 50V"; VariantName = "[No Variations]"
Add component (AddParameter): Name = "Manufacturer"; Value = "FH(风华)"; VariantName = "[No Variations]"
Add component (AddParameter): Name = "Manufacturer Part"; Value = "0402CG200J500NT"; VariantName = "[No Variations]"
Add component (AddParameter): Name = "Name"; Value = "20pF"; VariantName = "[No Variations]"
Add component (AddParameter): Name = "Supplier"; Value = "LCSC"; VariantName = "[No Variations]"
Add component (AddParameter): Name = "Supplier Footprint"; Value = "0402"; VariantName = "[No Variations]"
Add component (AddParameter): Name = "Supplier Part"; Value = "C1554"; VariantName = "[No Variations]"
Add component (AddParameter): Name = "Symbol"; Value = "0402CG200J500NT"; VariantName = "[No Variations]"
Add component (AddParameter): Name = "Temperature Coefficient"; Value = "C0G"; VariantName = "[No Variations]"
Add component (AddParameter): Name = "Tolerance"; Value = "±5%"; VariantName = "[No Variations]"
Add component (AddParameter): Name = "Value"; Value = "20pF"; VariantName = "[No Variations]"
Add component (AddParameter): Name = "Voltage Rated"; Value = "50V"; VariantName = "[No Variations]"
Added Component: Designator=C37(0402_C)
Add component (AddParameter): Name = "Add into BOM"; Value = "yes"; VariantName = "[No Variations]"
Add component (AddParameter): Name = "Convert to PCB"; Value = "yes"; VariantName = "[No Variations]"
Add component (AddParameter): Name = "Datasheet"; Value = "https://atta.szlcsc.com/upload/public/pdf/source/20170923/C1554_1506149268708988361.pdf"; VariantName = "[No Variations]"
Add component (AddParameter): Name = "Device"; Value = "0402CG200J500NT"; VariantName = "[No Variations]"
Add component (AddParameter): Name = "JLCPCB Part Class"; Value = "Basic Part"; VariantName = "[No Variations]"
Add component (AddParameter): Name = "LCSC Part Name"; Value = "20pF ±5% 50V"; VariantName = "[No Variations]"
Add component (AddParameter): Name = "Manufacturer"; Value = "FH(风华)"; VariantName = "[No Variations]"
Add component (AddParameter): Name = "Manufacturer Part"; Value = "0402CG200J500NT"; VariantName = "[No Variations]"
Add component (AddParameter): Name = "Name"; Value = "20pF"; VariantName = "[No Variations]"
Add component (AddParameter): Name = "Supplier"; Value = "LCSC"; VariantName = "[No Variations]"
Add component (AddParameter): Name = "Supplier Footprint"; Value = "0402"; VariantName = "[No Variations]"
Add component (AddParameter): Name = "Supplier Part"; Value = "C1554"; VariantName = "[No Variations]"
Add component (AddParameter): Name = "Symbol"; Value = "0402CG200J500NT"; VariantName = "[No Variations]"
Add component (AddParameter): Name = "Temperature Coefficient"; Value = "C0G"; VariantName = "[No Variations]"
Add component (AddParameter): Name = "Tolerance"; Value = "±5%"; VariantName = "[No Variations]"
Add component (AddParameter): Name = "Value"; Value = "20pF"; VariantName = "[No Variations]"
Add component (AddParameter): Name = "Voltage Rated"; Value = "50V"; VariantName = "[No Variations]"
Added Component: Designator=C38(0402_C)
Add component (AddParameter): Name = "Add into BOM"; Value = "yes"; VariantName = "[No Variations]"
Add component (AddParameter): Name = "Convert to PCB"; Value = "yes"; VariantName = "[No Variations]"
Add component (AddParameter): Name = "Datasheet"; Value = "https://atta.szlcsc.com/upload/public/pdf/source/20170923/C1554_1506149268708988361.pdf"; VariantName = "[No Variations]"
Add component (AddParameter): Name = "Device"; Value = "0402CG200J500NT"; VariantName = "[No Variations]"
Add component (AddParameter): Name = "JLCPCB Part Class"; Value = "Basic Part"; VariantName = "[No Variations]"
Add component (AddParameter): Name = "LCSC Part Name"; Value = "20pF ±5% 50V"; VariantName = "[No Variations]"
Add component (AddParameter): Name = "Manufacturer"; Value = "FH(风华)"; VariantName = "[No Variations]"
Add component (AddParameter): Name = "Manufacturer Part"; Value = "0402CG200J500NT"; VariantName = "[No Variations]"
Add component (AddParameter): Name = "Name"; Value = "20pF"; VariantName = "[No Variations]"
Add component (AddParameter): Name = "Supplier"; Value = "LCSC"; VariantName = "[No Variations]"
Add component (AddParameter): Name = "Supplier Footprint"; Value = "0402"; VariantName = "[No Variations]"
Add component (AddParameter): Name = "Supplier Part"; Value = "C1554"; VariantName = "[No Variations]"
Add component (AddParameter): Name = "Symbol"; Value = "0402CG200J500NT"; VariantName = "[No Variations]"
Add component (AddParameter): Name = "Temperature Coefficient"; Value = "C0G"; VariantName = "[No Variations]"
Add component (AddParameter): Name = "Tolerance"; Value = "±5%"; VariantName = "[No Variations]"
Add component (AddParameter): Name = "Value"; Value = "20pF"; VariantName = "[No Variations]"
Add component (AddParameter): Name = "Voltage Rated"; Value = "50V"; VariantName = "[No Variations]"
Added Component: Designator=C39(0402_C)
Add component (AddParameter): Name = "Add into BOM"; Value = "yes"; VariantName = "[No Variations]"
Add component (AddParameter): Name = "Convert to PCB"; Value = "yes"; VariantName = "[No Variations]"
Add component (AddParameter): Name = "Datasheet"; Value = "https://atta.szlcsc.com/upload/public/pdf/source/20170923/C1554_1506149268708988361.pdf"; VariantName = "[No Variations]"
Add component (AddParameter): Name = "Device"; Value = "0402CG200J500NT"; VariantName = "[No Variations]"
Add component (AddParameter): Name = "JLCPCB Part Class"; Value = "Basic Part"; VariantName = "[No Variations]"
Add component (AddParameter): Name = "LCSC Part Name"; Value = "20pF ±5% 50V"; VariantName = "[No Variations]"
Add component (AddParameter): Name = "Manufacturer"; Value = "FH(风华)"; VariantName = "[No Variations]"
Add component (AddParameter): Name = "Manufacturer Part"; Value = "0402CG200J500NT"; VariantName = "[No Variations]"
Add component (AddParameter): Name = "Name"; Value = "20pF"; VariantName = "[No Variations]"
Add component (AddParameter): Name = "Supplier"; Value = "LCSC"; VariantName = "[No Variations]"
Add component (AddParameter): Name = "Supplier Footprint"; Value = "0402"; VariantName = "[No Variations]"
Add component (AddParameter): Name = "Supplier Part"; Value = "C1554"; VariantName = "[No Variations]"
Add component (AddParameter): Name = "Symbol"; Value = "0402CG200J500NT"; VariantName = "[No Variations]"
Add component (AddParameter): Name = "Temperature Coefficient"; Value = "C0G"; VariantName = "[No Variations]"
Add component (AddParameter): Name = "Tolerance"; Value = "±5%"; VariantName = "[No Variations]"
Add component (AddParameter): Name = "Value"; Value = "20pF"; VariantName = "[No Variations]"
Add component (AddParameter): Name = "Voltage Rated"; Value = "50V"; VariantName = "[No Variations]"
Added Component: Designator=C40(0402_C)
Add component (AddParameter): Name = "Add into BOM"; Value = "yes"; VariantName = "[No Variations]"
Add component (AddParameter): Name = "Convert to PCB"; Value = "yes"; VariantName = "[No Variations]"
Add component (AddParameter): Name = "Datasheet"; Value = "https://atta.szlcsc.com/upload/public/pdf/source/20170923/C1554_1506149268708988361.pdf"; VariantName = "[No Variations]"
Add component (AddParameter): Name = "Device"; Value = "0402CG200J500NT"; VariantName = "[No Variations]"
Add component (AddParameter): Name = "JLCPCB Part Class"; Value = "Basic Part"; VariantName = "[No Variations]"
Add component (AddParameter): Name = "LCSC Part Name"; Value = "20pF ±5% 50V"; VariantName = "[No Variations]"
Add component (AddParameter): Name = "Manufacturer"; Value = "FH(风华)"; VariantName = "[No Variations]"
Add component (AddParameter): Name = "Manufacturer Part"; Value = "0402CG200J500NT"; VariantName = "[No Variations]"
Add component (AddParameter): Name = "Name"; Value = "20pF"; VariantName = "[No Variations]"
Add component (AddParameter): Name = "Supplier"; Value = "LCSC"; VariantName = "[No Variations]"
Add component (AddParameter): Name = "Supplier Footprint"; Value = "0402"; VariantName = "[No Variations]"
Add component (AddParameter): Name = "Supplier Part"; Value = "C1554"; VariantName = "[No Variations]"
Add component (AddParameter): Name = "Symbol"; Value = "0402CG200J500NT"; VariantName = "[No Variations]"
Add component (AddParameter): Name = "Temperature Coefficient"; Value = "C0G"; VariantName = "[No Variations]"
Add component (AddParameter): Name = "Tolerance"; Value = "±5%"; VariantName = "[No Variations]"
Add component (AddParameter): Name = "Value"; Value = "20pF"; VariantName = "[No Variations]"
Add component (AddParameter): Name = "Voltage Rated"; Value = "50V"; VariantName = "[No Variations]"
Added Component: Designator=C41(0402_C)
Add component (AddParameter): Name = "Add into BOM"; Value = "yes"; VariantName = "[No Variations]"
Add component (AddParameter): Name = "Convert to PCB"; Value = "yes"; VariantName = "[No Variations]"
Add component (AddParameter): Name = "Datasheet"; Value = "https://atta.szlcsc.com/upload/public/pdf/source/20170923/C1554_1506149268708988361.pdf"; VariantName = "[No Variations]"
Add component (AddParameter): Name = "Device"; Value = "0402CG200J500NT"; VariantName = "[No Variations]"
Add component (AddParameter): Name = "JLCPCB Part Class"; Value = "Basic Part"; VariantName = "[No Variations]"
Add component (AddParameter): Name = "LCSC Part Name"; Value = "20pF ±5% 50V"; VariantName = "[No Variations]"
Add component (AddParameter): Name = "Manufacturer"; Value = "FH(风华)"; VariantName = "[No Variations]"
Add component (AddParameter): Name = "Manufacturer Part"; Value = "0402CG200J500NT"; VariantName = "[No Variations]"
Add component (AddParameter): Name = "Name"; Value = "20pF"; VariantName = "[No Variations]"
Add component (AddParameter): Name = "Supplier"; Value = "LCSC"; VariantName = "[No Variations]"
Add component (AddParameter): Name = "Supplier Footprint"; Value = "0402"; VariantName = "[No Variations]"
Add component (AddParameter): Name = "Supplier Part"; Value = "C1554"; VariantName = "[No Variations]"
Add component (AddParameter): Name = "Symbol"; Value = "0402CG200J500NT"; VariantName = "[No Variations]"
Add component (AddParameter): Name = "Temperature Coefficient"; Value = "C0G"; VariantName = "[No Variations]"
Add component (AddParameter): Name = "Tolerance"; Value = "±5%"; VariantName = "[No Variations]"
Add component (AddParameter): Name = "Value"; Value = "20pF"; VariantName = "[No Variations]"
Add component (AddParameter): Name = "Voltage Rated"; Value = "50V"; VariantName = "[No Variations]"
Added Component: Designator=C42(0402_C)
Add component (AddParameter): Name = "Add into BOM"; Value = "yes"; VariantName = "[No Variations]"
Add component (AddParameter): Name = "Convert to PCB"; Value = "yes"; VariantName = "[No Variations]"
Add component (AddParameter): Name = "Datasheet"; Value = "https://atta.szlcsc.com/upload/public/pdf/source/20170923/C1554_1506149268708988361.pdf"; VariantName = "[No Variations]"
Add component (AddParameter): Name = "Device"; Value = "0402CG200J500NT"; VariantName = "[No Variations]"
Add component (AddParameter): Name = "JLCPCB Part Class"; Value = "Basic Part"; VariantName = "[No Variations]"
Add component (AddParameter): Name = "LCSC Part Name"; Value = "20pF ±5% 50V"; VariantName = "[No Variations]"
Add component (AddParameter): Name = "Manufacturer"; Value = "FH(风华)"; VariantName = "[No Variations]"
Add component (AddParameter): Name = "Manufacturer Part"; Value = "0402CG200J500NT"; VariantName = "[No Variations]"
Add component (AddParameter): Name = "Name"; Value = "20pF"; VariantName = "[No Variations]"
Add component (AddParameter): Name = "Supplier"; Value = "LCSC"; VariantName = "[No Variations]"
Add component (AddParameter): Name = "Supplier Footprint"; Value = "0402"; VariantName = "[No Variations]"
Add component (AddParameter): Name = "Supplier Part"; Value = "C1554"; VariantName = "[No Variations]"
Add component (AddParameter): Name = "Symbol"; Value = "0402CG200J500NT"; VariantName = "[No Variations]"
Add component (AddParameter): Name = "Temperature Coefficient"; Value = "C0G"; VariantName = "[No Variations]"
Add component (AddParameter): Name = "Tolerance"; Value = "±5%"; VariantName = "[No Variations]"
Add component (AddParameter): Name = "Value"; Value = "20pF"; VariantName = "[No Variations]"
Add component (AddParameter): Name = "Voltage Rated"; Value = "50V"; VariantName = "[No Variations]"
Added Component: Designator=C43(0402_C)
Add component (AddParameter): Name = "Add into BOM"; Value = "yes"; VariantName = "[No Variations]"
Add component (AddParameter): Name = "Convert to PCB"; Value = "yes"; VariantName = "[No Variations]"
Add component (AddParameter): Name = "Datasheet"; Value = "https://atta.szlcsc.com/upload/public/pdf/source/20170923/C1554_1506149268708988361.pdf"; VariantName = "[No Variations]"
Add component (AddParameter): Name = "Device"; Value = "0402CG200J500NT"; VariantName = "[No Variations]"
Add component (AddParameter): Name = "JLCPCB Part Class"; Value = "Basic Part"; VariantName = "[No Variations]"
Add component (AddParameter): Name = "LCSC Part Name"; Value = "20pF ±5% 50V"; VariantName = "[No Variations]"
Add component (AddParameter): Name = "Manufacturer"; Value = "FH(风华)"; VariantName = "[No Variations]"
Add component (AddParameter): Name = "Manufacturer Part"; Value = "0402CG200J500NT"; VariantName = "[No Variations]"
Add component (AddParameter): Name = "Name"; Value = "20pF"; VariantName = "[No Variations]"
Add component (AddParameter): Name = "Supplier"; Value = "LCSC"; VariantName = "[No Variations]"
Add component (AddParameter): Name = "Supplier Footprint"; Value = "0402"; VariantName = "[No Variations]"
Add component (AddParameter): Name = "Supplier Part"; Value = "C1554"; VariantName = "[No Variations]"
Add component (AddParameter): Name = "Symbol"; Value = "0402CG200J500NT"; VariantName = "[No Variations]"
Add component (AddParameter): Name = "Temperature Coefficient"; Value = "C0G"; VariantName = "[No Variations]"
Add component (AddParameter): Name = "Tolerance"; Value = "±5%"; VariantName = "[No Variations]"
Add component (AddParameter): Name = "Value"; Value = "20pF"; VariantName = "[No Variations]"
Add component (AddParameter): Name = "Voltage Rated"; Value = "50V"; VariantName = "[No Variations]"
Added Component: Designator=C44(0402_C)
Add component (AddParameter): Name = "Add into BOM"; Value = "yes"; VariantName = "[No Variations]"
Add component (AddParameter): Name = "Convert to PCB"; Value = "yes"; VariantName = "[No Variations]"
Add component (AddParameter): Name = "Datasheet"; Value = "https://atta.szlcsc.com/upload/public/pdf/source/20170923/C1554_1506149268708988361.pdf"; VariantName = "[No Variations]"
Add component (AddParameter): Name = "Device"; Value = "0402CG200J500NT"; VariantName = "[No Variations]"
Add component (AddParameter): Name = "JLCPCB Part Class"; Value = "Basic Part"; VariantName = "[No Variations]"
Add component (AddParameter): Name = "LCSC Part Name"; Value = "20pF ±5% 50V"; VariantName = "[No Variations]"
Add component (AddParameter): Name = "Manufacturer"; Value = "FH(风华)"; VariantName = "[No Variations]"
Add component (AddParameter): Name = "Manufacturer Part"; Value = "0402CG200J500NT"; VariantName = "[No Variations]"
Add component (AddParameter): Name = "Name"; Value = "20pF"; VariantName = "[No Variations]"
Add component (AddParameter): Name = "Supplier"; Value = "LCSC"; VariantName = "[No Variations]"
Add component (AddParameter): Name = "Supplier Footprint"; Value = "0402"; VariantName = "[No Variations]"
Add component (AddParameter): Name = "Supplier Part"; Value = "C1554"; VariantName = "[No Variations]"
Add component (AddParameter): Name = "Symbol"; Value = "0402CG200J500NT"; VariantName = "[No Variations]"
Add component (AddParameter): Name = "Temperature Coefficient"; Value = "C0G"; VariantName = "[No Variations]"
Add component (AddParameter): Name = "Tolerance"; Value = "±5%"; VariantName = "[No Variations]"
Add component (AddParameter): Name = "Value"; Value = "20pF"; VariantName = "[No Variations]"
Add component (AddParameter): Name = "Voltage Rated"; Value = "50V"; VariantName = "[No Variations]"
Added Component: Designator=C45(0402_C)
Add component (AddParameter): Name = "Add into BOM"; Value = "yes"; VariantName = "[No Variations]"
Add component (AddParameter): Name = "Convert to PCB"; Value = "yes"; VariantName = "[No Variations]"
Add component (AddParameter): Name = "Datasheet"; Value = "https://atta.szlcsc.com/upload/public/pdf/source/20170923/C1554_1506149268708988361.pdf"; VariantName = "[No Variations]"
Add component (AddParameter): Name = "Device"; Value = "0402CG200J500NT"; VariantName = "[No Variations]"
Add component (AddParameter): Name = "JLCPCB Part Class"; Value = "Basic Part"; VariantName = "[No Variations]"
Add component (AddParameter): Name = "LCSC Part Name"; Value = "20pF ±5% 50V"; VariantName = "[No Variations]"
Add component (AddParameter): Name = "Manufacturer"; Value = "FH(风华)"; VariantName = "[No Variations]"
Add component (AddParameter): Name = "Manufacturer Part"; Value = "0402CG200J500NT"; VariantName = "[No Variations]"
Add component (AddParameter): Name = "Name"; Value = "20pF"; VariantName = "[No Variations]"
Add component (AddParameter): Name = "Supplier"; Value = "LCSC"; VariantName = "[No Variations]"
Add component (AddParameter): Name = "Supplier Footprint"; Value = "0402"; VariantName = "[No Variations]"
Add component (AddParameter): Name = "Supplier Part"; Value = "C1554"; VariantName = "[No Variations]"
Add component (AddParameter): Name = "Symbol"; Value = "0402CG200J500NT"; VariantName = "[No Variations]"
Add component (AddParameter): Name = "Temperature Coefficient"; Value = "C0G"; VariantName = "[No Variations]"
Add component (AddParameter): Name = "Tolerance"; Value = "±5%"; VariantName = "[No Variations]"
Add component (AddParameter): Name = "Value"; Value = "20pF"; VariantName = "[No Variations]"
Add component (AddParameter): Name = "Voltage Rated"; Value = "50V"; VariantName = "[No Variations]"
Added Component: Designator=C46(0402_C)
Add component (AddParameter): Name = "Add into BOM"; Value = "yes"; VariantName = "[No Variations]"
Add component (AddParameter): Name = "Convert to PCB"; Value = "yes"; VariantName = "[No Variations]"
Add component (AddParameter): Name = "Datasheet"; Value = "https://atta.szlcsc.com/upload/public/pdf/source/20170923/C1554_1506149268708988361.pdf"; VariantName = "[No Variations]"
Add component (AddParameter): Name = "Device"; Value = "0402CG200J500NT"; VariantName = "[No Variations]"
Add component (AddParameter): Name = "JLCPCB Part Class"; Value = "Basic Part"; VariantName = "[No Variations]"
Add component (AddParameter): Name = "LCSC Part Name"; Value = "20pF ±5% 50V"; VariantName = "[No Variations]"
Add component (AddParameter): Name = "Manufacturer"; Value = "FH(风华)"; VariantName = "[No Variations]"
Add component (AddParameter): Name = "Manufacturer Part"; Value = "0402CG200J500NT"; VariantName = "[No Variations]"
Add component (AddParameter): Name = "Name"; Value = "20pF"; VariantName = "[No Variations]"
Add component (AddParameter): Name = "Supplier"; Value = "LCSC"; VariantName = "[No Variations]"
Add component (AddParameter): Name = "Supplier Footprint"; Value = "0402"; VariantName = "[No Variations]"
Add component (AddParameter): Name = "Supplier Part"; Value = "C1554"; VariantName = "[No Variations]"
Add component (AddParameter): Name = "Symbol"; Value = "0402CG200J500NT"; VariantName = "[No Variations]"
Add component (AddParameter): Name = "Temperature Coefficient"; Value = "C0G"; VariantName = "[No Variations]"
Add component (AddParameter): Name = "Tolerance"; Value = "±5%"; VariantName = "[No Variations]"
Add component (AddParameter): Name = "Value"; Value = "20pF"; VariantName = "[No Variations]"
Add component (AddParameter): Name = "Voltage Rated"; Value = "50V"; VariantName = "[No Variations]"
Added Component: Designator=C47(0402_C)
Add component (AddParameter): Name = "Add into BOM"; Value = "yes"; VariantName = "[No Variations]"
Add component (AddParameter): Name = "Convert to PCB"; Value = "yes"; VariantName = "[No Variations]"
Add component (AddParameter): Name = "Datasheet"; Value = "https://atta.szlcsc.com/upload/public/pdf/source/20170923/C1554_1506149268708988361.pdf"; VariantName = "[No Variations]"
Add component (AddParameter): Name = "Device"; Value = "0402CG200J500NT"; VariantName = "[No Variations]"
Add component (AddParameter): Name = "JLCPCB Part Class"; Value = "Basic Part"; VariantName = "[No Variations]"
Add component (AddParameter): Name = "LCSC Part Name"; Value = "20pF ±5% 50V"; VariantName = "[No Variations]"
Add component (AddParameter): Name = "Manufacturer"; Value = "FH(风华)"; VariantName = "[No Variations]"
Add component (AddParameter): Name = "Manufacturer Part"; Value = "0402CG200J500NT"; VariantName = "[No Variations]"
Add component (AddParameter): Name = "Name"; Value = "20pF"; VariantName = "[No Variations]"
Add component (AddParameter): Name = "Supplier"; Value = "LCSC"; VariantName = "[No Variations]"
Add component (AddParameter): Name = "Supplier Footprint"; Value = "0402"; VariantName = "[No Variations]"
Add component (AddParameter): Name = "Supplier Part"; Value = "C1554"; VariantName = "[No Variations]"
Add component (AddParameter): Name = "Symbol"; Value = "0402CG200J500NT"; VariantName = "[No Variations]"
Add component (AddParameter): Name = "Temperature Coefficient"; Value = "C0G"; VariantName = "[No Variations]"
Add component (AddParameter): Name = "Tolerance"; Value = "±5%"; VariantName = "[No Variations]"
Add component (AddParameter): Name = "Value"; Value = "20pF"; VariantName = "[No Variations]"
Add component (AddParameter): Name = "Voltage Rated"; Value = "50V"; VariantName = "[No Variations]"
Added Component: Designator=C48(0402_C)
Add component (AddParameter): Name = "Add into BOM"; Value = "yes"; VariantName = "[No Variations]"
Add component (AddParameter): Name = "Convert to PCB"; Value = "yes"; VariantName = "[No Variations]"
Add component (AddParameter): Name = "Datasheet"; Value = "https://atta.szlcsc.com/upload/public/pdf/source/20170923/C1554_1506149268708988361.pdf"; VariantName = "[No Variations]"
Add component (AddParameter): Name = "Device"; Value = "0402CG200J500NT"; VariantName = "[No Variations]"
Add component (AddParameter): Name = "JLCPCB Part Class"; Value = "Basic Part"; VariantName = "[No Variations]"
Add component (AddParameter): Name = "LCSC Part Name"; Value = "20pF ±5% 50V"; VariantName = "[No Variations]"
Add component (AddParameter): Name = "Manufacturer"; Value = "FH(风华)"; VariantName = "[No Variations]"
Add component (AddParameter): Name = "Manufacturer Part"; Value = "0402CG200J500NT"; VariantName = "[No Variations]"
Add component (AddParameter): Name = "Name"; Value = "20pF"; VariantName = "[No Variations]"
Add component (AddParameter): Name = "Supplier"; Value = "LCSC"; VariantName = "[No Variations]"
Add component (AddParameter): Name = "Supplier Footprint"; Value = "0402"; VariantName = "[No Variations]"
Add component (AddParameter): Name = "Supplier Part"; Value = "C1554"; VariantName = "[No Variations]"
Add component (AddParameter): Name = "Symbol"; Value = "0402CG200J500NT"; VariantName = "[No Variations]"
Add component (AddParameter): Name = "Temperature Coefficient"; Value = "C0G"; VariantName = "[No Variations]"
Add component (AddParameter): Name = "Tolerance"; Value = "±5%"; VariantName = "[No Variations]"
Add component (AddParameter): Name = "Value"; Value = "20pF"; VariantName = "[No Variations]"
Add component (AddParameter): Name = "Voltage Rated"; Value = "50V"; VariantName = "[No Variations]"
Added Component: Designator=C49(0402_C)
Add component (AddParameter): Name = "Add into BOM"; Value = "yes"; VariantName = "[No Variations]"
Add component (AddParameter): Name = "Convert to PCB"; Value = "yes"; VariantName = "[No Variations]"
Add component (AddParameter): Name = "Datasheet"; Value = "https://atta.szlcsc.com/upload/public/pdf/source/20170923/C1554_1506149268708988361.pdf"; VariantName = "[No Variations]"
Add component (AddParameter): Name = "Device"; Value = "0402CG200J500NT"; VariantName = "[No Variations]"
Add component (AddParameter): Name = "JLCPCB Part Class"; Value = "Basic Part"; VariantName = "[No Variations]"
Add component (AddParameter): Name = "LCSC Part Name"; Value = "20pF ±5% 50V"; VariantName = "[No Variations]"
Add component (AddParameter): Name = "Manufacturer"; Value = "FH(风华)"; VariantName = "[No Variations]"
Add component (AddParameter): Name = "Manufacturer Part"; Value = "0402CG200J500NT"; VariantName = "[No Variations]"
Add component (AddParameter): Name = "Name"; Value = "20pF"; VariantName = "[No Variations]"
Add component (AddParameter): Name = "Supplier"; Value = "LCSC"; VariantName = "[No Variations]"
Add component (AddParameter): Name = "Supplier Footprint"; Value = "0402"; VariantName = "[No Variations]"
Add component (AddParameter): Name = "Supplier Part"; Value = "C1554"; VariantName = "[No Variations]"
Add component (AddParameter): Name = "Symbol"; Value = "0402CG200J500NT"; VariantName = "[No Variations]"
Add component (AddParameter): Name = "Temperature Coefficient"; Value = "C0G"; VariantName = "[No Variations]"
Add component (AddParameter): Name = "Tolerance"; Value = "±5%"; VariantName = "[No Variations]"
Add component (AddParameter): Name = "Value"; Value = "20pF"; VariantName = "[No Variations]"
Add component (AddParameter): Name = "Voltage Rated"; Value = "50V"; VariantName = "[No Variations]"
Added Component: Designator=C50(0402_C)
Add component (AddParameter): Name = "Add into BOM"; Value = "yes"; VariantName = "[No Variations]"
Add component (AddParameter): Name = "Convert to PCB"; Value = "yes"; VariantName = "[No Variations]"
Add component (AddParameter): Name = "Datasheet"; Value = "https://atta.szlcsc.com/upload/public/pdf/source/20170923/C1554_1506149268708988361.pdf"; VariantName = "[No Variations]"
Add component (AddParameter): Name = "Device"; Value = "0402CG200J500NT"; VariantName = "[No Variations]"
Add component (AddParameter): Name = "JLCPCB Part Class"; Value = "Basic Part"; VariantName = "[No Variations]"
Add component (AddParameter): Name = "LCSC Part Name"; Value = "20pF ±5% 50V"; VariantName = "[No Variations]"
Add component (AddParameter): Name = "Manufacturer"; Value = "FH(风华)"; VariantName = "[No Variations]"
Add component (AddParameter): Name = "Manufacturer Part"; Value = "0402CG200J500NT"; VariantName = "[No Variations]"
Add component (AddParameter): Name = "Name"; Value = "20pF"; VariantName = "[No Variations]"
Add component (AddParameter): Name = "Supplier"; Value = "LCSC"; VariantName = "[No Variations]"
Add component (AddParameter): Name = "Supplier Footprint"; Value = "0402"; VariantName = "[No Variations]"
Add component (AddParameter): Name = "Supplier Part"; Value = "C1554"; VariantName = "[No Variations]"
Add component (AddParameter): Name = "Symbol"; Value = "0402CG200J500NT"; VariantName = "[No Variations]"
Add component (AddParameter): Name = "Temperature Coefficient"; Value = "C0G"; VariantName = "[No Variations]"
Add component (AddParameter): Name = "Tolerance"; Value = "±5%"; VariantName = "[No Variations]"
Add component (AddParameter): Name = "Value"; Value = "20pF"; VariantName = "[No Variations]"
Add component (AddParameter): Name = "Voltage Rated"; Value = "50V"; VariantName = "[No Variations]"
Added Component: Designator=C51(0402_C)
Add component (AddParameter): Name = "Add into BOM"; Value = "yes"; VariantName = "[No Variations]"
Add component (AddParameter): Name = "Convert to PCB"; Value = "yes"; VariantName = "[No Variations]"
Add component (AddParameter): Name = "Datasheet"; Value = "https://atta.szlcsc.com/upload/public/pdf/source/20170923/C1554_1506149268708988361.pdf"; VariantName = "[No Variations]"
Add component (AddParameter): Name = "Device"; Value = "0402CG200J500NT"; VariantName = "[No Variations]"
Add component (AddParameter): Name = "JLCPCB Part Class"; Value = "Basic Part"; VariantName = "[No Variations]"
Add component (AddParameter): Name = "LCSC Part Name"; Value = "20pF ±5% 50V"; VariantName = "[No Variations]"
Add component (AddParameter): Name = "Manufacturer"; Value = "FH(风华)"; VariantName = "[No Variations]"
Add component (AddParameter): Name = "Manufacturer Part"; Value = "0402CG200J500NT"; VariantName = "[No Variations]"
Add component (AddParameter): Name = "Name"; Value = "20pF"; VariantName = "[No Variations]"
Add component (AddParameter): Name = "Supplier"; Value = "LCSC"; VariantName = "[No Variations]"
Add component (AddParameter): Name = "Supplier Footprint"; Value = "0402"; VariantName = "[No Variations]"
Add component (AddParameter): Name = "Supplier Part"; Value = "C1554"; VariantName = "[No Variations]"
Add component (AddParameter): Name = "Symbol"; Value = "0402CG200J500NT"; VariantName = "[No Variations]"
Add component (AddParameter): Name = "Temperature Coefficient"; Value = "C0G"; VariantName = "[No Variations]"
Add component (AddParameter): Name = "Tolerance"; Value = "±5%"; VariantName = "[No Variations]"
Add component (AddParameter): Name = "Value"; Value = "20pF"; VariantName = "[No Variations]"
Add component (AddParameter): Name = "Voltage Rated"; Value = "50V"; VariantName = "[No Variations]"
Added Component: Designator=C52(0402_C)
Add component (AddParameter): Name = "Add into BOM"; Value = "yes"; VariantName = "[No Variations]"
Add component (AddParameter): Name = "Convert to PCB"; Value = "yes"; VariantName = "[No Variations]"
Add component (AddParameter): Name = "Datasheet"; Value = "https://atta.szlcsc.com/upload/public/pdf/source/20170923/C1554_1506149268708988361.pdf"; VariantName = "[No Variations]"
Add component (AddParameter): Name = "Device"; Value = "0402CG200J500NT"; VariantName = "[No Variations]"
Add component (AddParameter): Name = "JLCPCB Part Class"; Value = "Basic Part"; VariantName = "[No Variations]"
Add component (AddParameter): Name = "LCSC Part Name"; Value = "20pF ±5% 50V"; VariantName = "[No Variations]"
Add component (AddParameter): Name = "Manufacturer"; Value = "FH(风华)"; VariantName = "[No Variations]"
Add component (AddParameter): Name = "Manufacturer Part"; Value = "0402CG200J500NT"; VariantName = "[No Variations]"
Add component (AddParameter): Name = "Name"; Value = "20pF"; VariantName = "[No Variations]"
Add component (AddParameter): Name = "Supplier"; Value = "LCSC"; VariantName = "[No Variations]"
Add component (AddParameter): Name = "Supplier Footprint"; Value = "0402"; VariantName = "[No Variations]"
Add component (AddParameter): Name = "Supplier Part"; Value = "C1554"; VariantName = "[No Variations]"
Add component (AddParameter): Name = "Symbol"; Value = "0402CG200J500NT"; VariantName = "[No Variations]"
Add component (AddParameter): Name = "Temperature Coefficient"; Value = "C0G"; VariantName = "[No Variations]"
Add component (AddParameter): Name = "Tolerance"; Value = "±5%"; VariantName = "[No Variations]"
Add component (AddParameter): Name = "Value"; Value = "20pF"; VariantName = "[No Variations]"
Add component (AddParameter): Name = "Voltage Rated"; Value = "50V"; VariantName = "[No Variations]"
Added Component: Designator=C53(0402_C)
Add component (AddParameter): Name = "Add into BOM"; Value = "yes"; VariantName = "[No Variations]"
Add component (AddParameter): Name = "Convert to PCB"; Value = "yes"; VariantName = "[No Variations]"
Add component (AddParameter): Name = "Datasheet"; Value = "https://atta.szlcsc.com/upload/public/pdf/source/20170923/C1554_1506149268708988361.pdf"; VariantName = "[No Variations]"
Add component (AddParameter): Name = "Device"; Value = "0402CG200J500NT"; VariantName = "[No Variations]"
Add component (AddParameter): Name = "JLCPCB Part Class"; Value = "Basic Part"; VariantName = "[No Variations]"
Add component (AddParameter): Name = "LCSC Part Name"; Value = "20pF ±5% 50V"; VariantName = "[No Variations]"
Add component (AddParameter): Name = "Manufacturer"; Value = "FH(风华)"; VariantName = "[No Variations]"
Add component (AddParameter): Name = "Manufacturer Part"; Value = "0402CG200J500NT"; VariantName = "[No Variations]"
Add component (AddParameter): Name = "Name"; Value = "20pF"; VariantName = "[No Variations]"
Add component (AddParameter): Name = "Supplier"; Value = "LCSC"; VariantName = "[No Variations]"
Add component (AddParameter): Name = "Supplier Footprint"; Value = "0402"; VariantName = "[No Variations]"
Add component (AddParameter): Name = "Supplier Part"; Value = "C1554"; VariantName = "[No Variations]"
Add component (AddParameter): Name = "Symbol"; Value = "0402CG200J500NT"; VariantName = "[No Variations]"
Add component (AddParameter): Name = "Temperature Coefficient"; Value = "C0G"; VariantName = "[No Variations]"
Add component (AddParameter): Name = "Tolerance"; Value = "±5%"; VariantName = "[No Variations]"
Add component (AddParameter): Name = "Value"; Value = "20pF"; VariantName = "[No Variations]"
Add component (AddParameter): Name = "Voltage Rated"; Value = "50V"; VariantName = "[No Variations]"
Added Component: Designator=C54(0402_C)
Add component (AddParameter): Name = "Add into BOM"; Value = "yes"; VariantName = "[No Variations]"
Add component (AddParameter): Name = "Convert to PCB"; Value = "yes"; VariantName = "[No Variations]"
Add component (AddParameter): Name = "Datasheet"; Value = "https://atta.szlcsc.com/upload/public/pdf/source/20170923/C1554_1506149268708988361.pdf"; VariantName = "[No Variations]"
Add component (AddParameter): Name = "Device"; Value = "0402CG200J500NT"; VariantName = "[No Variations]"
Add component (AddParameter): Name = "JLCPCB Part Class"; Value = "Basic Part"; VariantName = "[No Variations]"
Add component (AddParameter): Name = "LCSC Part Name"; Value = "20pF ±5% 50V"; VariantName = "[No Variations]"
Add component (AddParameter): Name = "Manufacturer"; Value = "FH(风华)"; VariantName = "[No Variations]"
Add component (AddParameter): Name = "Manufacturer Part"; Value = "0402CG200J500NT"; VariantName = "[No Variations]"
Add component (AddParameter): Name = "Name"; Value = "20pF"; VariantName = "[No Variations]"
Add component (AddParameter): Name = "Supplier"; Value = "LCSC"; VariantName = "[No Variations]"
Add component (AddParameter): Name = "Supplier Footprint"; Value = "0402"; VariantName = "[No Variations]"
Add component (AddParameter): Name = "Supplier Part"; Value = "C1554"; VariantName = "[No Variations]"
Add component (AddParameter): Name = "Symbol"; Value = "0402CG200J500NT"; VariantName = "[No Variations]"
Add component (AddParameter): Name = "Temperature Coefficient"; Value = "C0G"; VariantName = "[No Variations]"
Add component (AddParameter): Name = "Tolerance"; Value = "±5%"; VariantName = "[No Variations]"
Add component (AddParameter): Name = "Value"; Value = "20pF"; VariantName = "[No Variations]"
Add component (AddParameter): Name = "Voltage Rated"; Value = "50V"; VariantName = "[No Variations]"
Added Component: Designator=C100(0402_C)
Add component (AddParameter): Name = "Add into BOM"; Value = "yes"; VariantName = "[No Variations]"
Add component (AddParameter): Name = "Convert to PCB"; Value = "yes"; VariantName = "[No Variations]"
Add component (AddParameter): Name = "Datasheet"; Value = "https://atta.szlcsc.com/upload/public/pdf/source/20170923/C1554_1506149268708988361.pdf"; VariantName = "[No Variations]"
Add component (AddParameter): Name = "Device"; Value = "0402CG200J500NT"; VariantName = "[No Variations]"
Add component (AddParameter): Name = "JLCPCB Part Class"; Value = "Basic Part"; VariantName = "[No Variations]"
Add component (AddParameter): Name = "LCSC Part Name"; Value = "20pF ±5% 50V"; VariantName = "[No Variations]"
Add component (AddParameter): Name = "Manufacturer"; Value = "FH(风华)"; VariantName = "[No Variations]"
Add component (AddParameter): Name = "Manufacturer Part"; Value = "0402CG200J500NT"; VariantName = "[No Variations]"
Add component (AddParameter): Name = "Name"; Value = "20pF"; VariantName = "[No Variations]"
Add component (AddParameter): Name = "Supplier"; Value = "LCSC"; VariantName = "[No Variations]"
Add component (AddParameter): Name = "Supplier Footprint"; Value = "0402"; VariantName = "[No Variations]"
Add component (AddParameter): Name = "Supplier Part"; Value = "C1554"; VariantName = "[No Variations]"
Add component (AddParameter): Name = "Symbol"; Value = "0402CG200J500NT"; VariantName = "[No Variations]"
Add component (AddParameter): Name = "Temperature Coefficient"; Value = "C0G"; VariantName = "[No Variations]"
Add component (AddParameter): Name = "Tolerance"; Value = "±5%"; VariantName = "[No Variations]"
Add component (AddParameter): Name = "Value"; Value = "20pF"; VariantName = "[No Variations]"
Add component (AddParameter): Name = "Voltage Rated"; Value = "50V"; VariantName = "[No Variations]"
Added Component: Designator=C101(0402_C)
Add component (AddParameter): Name = "Add into BOM"; Value = "yes"; VariantName = "[No Variations]"
Add component (AddParameter): Name = "Convert to PCB"; Value = "yes"; VariantName = "[No Variations]"
Add component (AddParameter): Name = "Datasheet"; Value = "https://atta.szlcsc.com/upload/public/pdf/source/20170923/C1554_1506149268708988361.pdf"; VariantName = "[No Variations]"
Add component (AddParameter): Name = "Device"; Value = "0402CG200J500NT"; VariantName = "[No Variations]"
Add component (AddParameter): Name = "JLCPCB Part Class"; Value = "Basic Part"; VariantName = "[No Variations]"
Add component (AddParameter): Name = "LCSC Part Name"; Value = "20pF ±5% 50V"; VariantName = "[No Variations]"
Add component (AddParameter): Name = "Manufacturer"; Value = "FH(风华)"; VariantName = "[No Variations]"
Add component (AddParameter): Name = "Manufacturer Part"; Value = "0402CG200J500NT"; VariantName = "[No Variations]"
Add component (AddParameter): Name = "Name"; Value = "20pF"; VariantName = "[No Variations]"
Add component (AddParameter): Name = "Supplier"; Value = "LCSC"; VariantName = "[No Variations]"
Add component (AddParameter): Name = "Supplier Footprint"; Value = "0402"; VariantName = "[No Variations]"
Add component (AddParameter): Name = "Supplier Part"; Value = "C1554"; VariantName = "[No Variations]"
Add component (AddParameter): Name = "Symbol"; Value = "0402CG200J500NT"; VariantName = "[No Variations]"
Add component (AddParameter): Name = "Temperature Coefficient"; Value = "C0G"; VariantName = "[No Variations]"
Add component (AddParameter): Name = "Tolerance"; Value = "±5%"; VariantName = "[No Variations]"
Add component (AddParameter): Name = "Value"; Value = "20pF"; VariantName = "[No Variations]"
Add component (AddParameter): Name = "Voltage Rated"; Value = "50V"; VariantName = "[No Variations]"
Added Component: Designator=C102(0402_C)
Add component (AddParameter): Name = "Add into BOM"; Value = "yes"; VariantName = "[No Variations]"
Add component (AddParameter): Name = "Convert to PCB"; Value = "yes"; VariantName = "[No Variations]"
Add component (AddParameter): Name = "Datasheet"; Value = "https://atta.szlcsc.com/upload/public/pdf/source/20170923/C1554_1506149268708988361.pdf"; VariantName = "[No Variations]"
Add component (AddParameter): Name = "Device"; Value = "0402CG200J500NT"; VariantName = "[No Variations]"
Add component (AddParameter): Name = "JLCPCB Part Class"; Value = "Basic Part"; VariantName = "[No Variations]"
Add component (AddParameter): Name = "LCSC Part Name"; Value = "20pF ±5% 50V"; VariantName = "[No Variations]"
Add component (AddParameter): Name = "Manufacturer"; Value = "FH(风华)"; VariantName = "[No Variations]"
Add component (AddParameter): Name = "Manufacturer Part"; Value = "0402CG200J500NT"; VariantName = "[No Variations]"
Add component (AddParameter): Name = "Name"; Value = "20pF"; VariantName = "[No Variations]"
Add component (AddParameter): Name = "Supplier"; Value = "LCSC"; VariantName = "[No Variations]"
Add component (AddParameter): Name = "Supplier Footprint"; Value = "0402"; VariantName = "[No Variations]"
Add component (AddParameter): Name = "Supplier Part"; Value = "C1554"; VariantName = "[No Variations]"
Add component (AddParameter): Name = "Symbol"; Value = "0402CG200J500NT"; VariantName = "[No Variations]"
Add component (AddParameter): Name = "Temperature Coefficient"; Value = "C0G"; VariantName = "[No Variations]"
Add component (AddParameter): Name = "Tolerance"; Value = "±5%"; VariantName = "[No Variations]"
Add component (AddParameter): Name = "Value"; Value = "20pF"; VariantName = "[No Variations]"
Add component (AddParameter): Name = "Voltage Rated"; Value = "50V"; VariantName = "[No Variations]"
Added Component: Designator=D1(LED-SMD_L1.1-W0.6-FD)
Add component (AddParameter): Name = "Add into BOM"; Value = "yes"; VariantName = "[No Variations]"
Add component (AddParameter): Name = "Convert to PCB"; Value = "yes"; VariantName = "[No Variations]"
Add component (AddParameter): Name = "Datasheet"; Value = "https://atta.szlcsc.com/upload/public/pdf/source/20240218/8EA55035A64B003AF213B47ACC00F41E.pdf"; VariantName = "[No Variations]"
Add component (AddParameter): Name = "Device"; Value = "XL-1005SYGC_C22470306"; VariantName = "[No Variations]"
Add component (AddParameter): Name = "Dominant Wavelength"; Value = "565nm~575nm"; VariantName = "[No Variations]"
Add component (AddParameter): Name = "Forward Current"; Value = "20mA"; VariantName = "[No Variations]"
Add component (AddParameter): Name = "Forward Voltage (VF)"; Value = "2.3V"; VariantName = "[No Variations]"
Add component (AddParameter): Name = "JLCPCB Part Class"; Value = "Extended Part"; VariantName = "[No Variations]"
Add component (AddParameter): Name = "LCSC Part Name"; Value = "XL-1005SYGC"; VariantName = "[No Variations]"
Add component (AddParameter): Name = "Lens Color"; Value = "无色透明透镜"; VariantName = "[No Variations]"
Add component (AddParameter): Name = "Luminous Intensity"; Value = "240mcd"; VariantName = "[No Variations]"
Add component (AddParameter): Name = "Manufacturer"; Value = "XINGLIGHT(成兴光)"; VariantName = "[No Variations]"
Add component (AddParameter): Name = "Manufacturer Part"; Value = "XL-1005SYGC"; VariantName = "[No Variations]"
Add component (AddParameter): Name = "Mounting Sytle"; Value = "正贴"; VariantName = "[No Variations]"
Add component (AddParameter): Name = "Operating Temperature"; Value = "-20℃~+85℃"; VariantName = "[No Variations]"
Add component (AddParameter): Name = "Peak Wavelength"; Value = "572nm"; VariantName = "[No Variations]"
Add component (AddParameter): Name = "Power Dissipation"; Value = "50mW"; VariantName = "[No Variations]"
Add component (AddParameter): Name = "Supplier"; Value = "LCSC"; VariantName = "[No Variations]"
Add component (AddParameter): Name = "Supplier Footprint"; Value = "0402"; VariantName = "[No Variations]"
Add component (AddParameter): Name = "Supplier Part"; Value = "C22470306"; VariantName = "[No Variations]"
Add component (AddParameter): Name = "Symbol"; Value = "XL-1005SYGC_C22470306"; VariantName = "[No Variations]"
Add component (AddParameter): Name = "Viewing Angle"; Value = "120°"; VariantName = "[No Variations]"
Added Component: Designator=D2(LED-SMD_L1.1-W0.6-FD)
Add component (AddParameter): Name = "Add into BOM"; Value = "yes"; VariantName = "[No Variations]"
Add component (AddParameter): Name = "Convert to PCB"; Value = "yes"; VariantName = "[No Variations]"
Add component (AddParameter): Name = "Datasheet"; Value = "https://atta.szlcsc.com/upload/public/pdf/source/20240218/8EA55035A64B003AF213B47ACC00F41E.pdf"; VariantName = "[No Variations]"
Add component (AddParameter): Name = "Device"; Value = "XL-1005SYGC_C22470306"; VariantName = "[No Variations]"
Add component (AddParameter): Name = "Dominant Wavelength"; Value = "565nm~575nm"; VariantName = "[No Variations]"
Add component (AddParameter): Name = "Forward Current"; Value = "20mA"; VariantName = "[No Variations]"
Add component (AddParameter): Name = "Forward Voltage (VF)"; Value = "2.3V"; VariantName = "[No Variations]"
Add component (AddParameter): Name = "JLCPCB Part Class"; Value = "Extended Part"; VariantName = "[No Variations]"
Add component (AddParameter): Name = "LCSC Part Name"; Value = "XL-1005SYGC"; VariantName = "[No Variations]"
Add component (AddParameter): Name = "Lens Color"; Value = "无色透明透镜"; VariantName = "[No Variations]"
Add component (AddParameter): Name = "Luminous Intensity"; Value = "240mcd"; VariantName = "[No Variations]"
Add component (AddParameter): Name = "Manufacturer"; Value = "XINGLIGHT(成兴光)"; VariantName = "[No Variations]"
Add component (AddParameter): Name = "Manufacturer Part"; Value = "XL-1005SYGC"; VariantName = "[No Variations]"
Add component (AddParameter): Name = "Mounting Sytle"; Value = "正贴"; VariantName = "[No Variations]"
Add component (AddParameter): Name = "Operating Temperature"; Value = "-20℃~+85℃"; VariantName = "[No Variations]"
Add component (AddParameter): Name = "Peak Wavelength"; Value = "572nm"; VariantName = "[No Variations]"
Add component (AddParameter): Name = "Power Dissipation"; Value = "50mW"; VariantName = "[No Variations]"
Add component (AddParameter): Name = "Supplier"; Value = "LCSC"; VariantName = "[No Variations]"
Add component (AddParameter): Name = "Supplier Footprint"; Value = "0402"; VariantName = "[No Variations]"
Add component (AddParameter): Name = "Supplier Part"; Value = "C22470306"; VariantName = "[No Variations]"
Add component (AddParameter): Name = "Symbol"; Value = "XL-1005SYGC_C22470306"; VariantName = "[No Variations]"
Add component (AddParameter): Name = "Viewing Angle"; Value = "120°"; VariantName = "[No Variations]"
Added Component: Designator=D3(LED-SMD_L1.1-W0.6-FD)
Add component (AddParameter): Name = "Add into BOM"; Value = "yes"; VariantName = "[No Variations]"
Add component (AddParameter): Name = "Convert to PCB"; Value = "yes"; VariantName = "[No Variations]"
Add component (AddParameter): Name = "Datasheet"; Value = "https://atta.szlcsc.com/upload/public/pdf/source/20240218/8EA55035A64B003AF213B47ACC00F41E.pdf"; VariantName = "[No Variations]"
Add component (AddParameter): Name = "Device"; Value = "XL-1005SYGC_C22470306"; VariantName = "[No Variations]"
Add component (AddParameter): Name = "Dominant Wavelength"; Value = "565nm~575nm"; VariantName = "[No Variations]"
Add component (AddParameter): Name = "Forward Current"; Value = "20mA"; VariantName = "[No Variations]"
Add component (AddParameter): Name = "Forward Voltage (VF)"; Value = "2.3V"; VariantName = "[No Variations]"
Add component (AddParameter): Name = "JLCPCB Part Class"; Value = "Extended Part"; VariantName = "[No Variations]"
Add component (AddParameter): Name = "LCSC Part Name"; Value = "XL-1005SYGC"; VariantName = "[No Variations]"
Add component (AddParameter): Name = "Lens Color"; Value = "无色透明透镜"; VariantName = "[No Variations]"
Add component (AddParameter): Name = "Luminous Intensity"; Value = "240mcd"; VariantName = "[No Variations]"
Add component (AddParameter): Name = "Manufacturer"; Value = "XINGLIGHT(成兴光)"; VariantName = "[No Variations]"
Add component (AddParameter): Name = "Manufacturer Part"; Value = "XL-1005SYGC"; VariantName = "[No Variations]"
Add component (AddParameter): Name = "Mounting Sytle"; Value = "正贴"; VariantName = "[No Variations]"
Add component (AddParameter): Name = "Operating Temperature"; Value = "-20℃~+85℃"; VariantName = "[No Variations]"
Add component (AddParameter): Name = "Peak Wavelength"; Value = "572nm"; VariantName = "[No Variations]"
Add component (AddParameter): Name = "Power Dissipation"; Value = "50mW"; VariantName = "[No Variations]"
Add component (AddParameter): Name = "Supplier"; Value = "LCSC"; VariantName = "[No Variations]"
Add component (AddParameter): Name = "Supplier Footprint"; Value = "0402"; VariantName = "[No Variations]"
Add component (AddParameter): Name = "Supplier Part"; Value = "C22470306"; VariantName = "[No Variations]"
Add component (AddParameter): Name = "Symbol"; Value = "XL-1005SYGC_C22470306"; VariantName = "[No Variations]"
Add component (AddParameter): Name = "Viewing Angle"; Value = "120°"; VariantName = "[No Variations]"
Added Component: Designator=D4(SMA_L4.3-W2.6-LS5.0-FD)
Add component (AddParameter): Name = "Add into BOM"; Value = "yes"; VariantName = "[No Variations]"
Add component (AddParameter): Name = "Convert to PCB"; Value = "yes"; VariantName = "[No Variations]"
Add component (AddParameter): Name = "Current - Rectified"; Value = "3A"; VariantName = "[No Variations]"
Add component (AddParameter): Name = "Datasheet"; Value = "https://item.szlcsc.com/datasheet/SS34/8397187.html"; VariantName = "[No Variations]"
Add component (AddParameter): Name = "Device"; Value = "SS34_C7420365"; VariantName = "[No Variations]"
Add component (AddParameter): Name = "Diode Configuration"; Value = "独立式"; VariantName = "[No Variations]"
Add component (AddParameter): Name = "JLCPCB Part Class"; Value = "Extended Part"; VariantName = "[No Variations]"
Add component (AddParameter): Name = "LCSC Part Name"; Value = "电压:40V 电流:3A"; VariantName = "[No Variations]"
Add component (AddParameter): Name = "Manufacturer"; Value = "R+O(宏嘉诚)"; VariantName = "[No Variations]"
Add component (AddParameter): Name = "Manufacturer Part"; Value = "SS34"; VariantName = "[No Variations]"
Add component (AddParameter): Name = "Reverse Leakage Current (Ir)"; Value = "200uA@40V"; VariantName = "[No Variations]"
Add component (AddParameter): Name = "Supplier"; Value = "LCSC"; VariantName = "[No Variations]"
Add component (AddParameter): Name = "Supplier Footprint"; Value = "SMA(DO-214AC)"; VariantName = "[No Variations]"
Add component (AddParameter): Name = "Supplier Part"; Value = "C7420365"; VariantName = "[No Variations]"
Add component (AddParameter): Name = "Symbol"; Value = "SS34_C7420365"; VariantName = "[No Variations]"
Add component (AddParameter): Name = "Voltage - DC Reverse(Vr)"; Value = "40V"; VariantName = "[No Variations]"
Add component (AddParameter): Name = "Voltage - Forward(Vf@If)"; Value = "550mV@3.0A"; VariantName = "[No Variations]"
Added Component: Designator=D5(LED0402-RD)
Add component (AddParameter): Name = "Add into BOM"; Value = "yes"; VariantName = "[No Variations]"
Add component (AddParameter): Name = "Convert to PCB"; Value = "yes"; VariantName = "[No Variations]"
Add component (AddParameter): Name = "Datasheet"; Value = "https://item.szlcsc.com/datasheet/XL-1005SURC/27234956.html"; VariantName = "[No Variations]"
Add component (AddParameter): Name = "Device"; Value = "XL-1005SURC_C25503345"; VariantName = "[No Variations]"
Add component (AddParameter): Name = "Forward Current"; Value = "20mA"; VariantName = "[No Variations]"
Add component (AddParameter): Name = "Illumination Color"; Value = "红色"; VariantName = "[No Variations]"
Add component (AddParameter): Name = "JLCPCB Part Class"; Value = "Extended Part"; VariantName = "[No Variations]"
Add component (AddParameter): Name = "LCSC Part Name"; Value = "0402分光红贴片式发光二极管"; VariantName = "[No Variations]"
Add component (AddParameter): Name = "Luminous Intensity"; Value = "200mcd"; VariantName = "[No Variations]"
Add component (AddParameter): Name = "Manufacturer"; Value = "XINGLIGHT(成兴光)"; VariantName = "[No Variations]"
Add component (AddParameter): Name = "Manufacturer Part"; Value = "XL-1005SURC"; VariantName = "[No Variations]"
Add component (AddParameter): Name = "Operating Temperature"; Value = "-40℃~+85℃"; VariantName = "[No Variations]"
Add component (AddParameter): Name = "Peak Wavelength"; Value = "625nm"; VariantName = "[No Variations]"
Add component (AddParameter): Name = "Power(Watts)"; Value = "50mW"; VariantName = "[No Variations]"
Add component (AddParameter): Name = "Supplier"; Value = "LCSC"; VariantName = "[No Variations]"
Add component (AddParameter): Name = "Supplier Footprint"; Value = "0402"; VariantName = "[No Variations]"
Add component (AddParameter): Name = "Supplier Part"; Value = "C25503345"; VariantName = "[No Variations]"
Add component (AddParameter): Name = "Symbol"; Value = "XL-1005SURC_C25503345"; VariantName = "[No Variations]"
Add component (AddParameter): Name = "Viewing Angle"; Value = "120°"; VariantName = "[No Variations]"
Add component (AddParameter): Name = "Voltage - Forward(Vf)"; Value = "1.8V~2.4V"; VariantName = "[No Variations]"
Add component (AddParameter): Name = "Wavelength - Dominant"; Value = "615nm~630nm"; VariantName = "[No Variations]"
Added Component: Designator=D6(SOD-123_L2.7-W1.6-LS3.7-RD)
Add component (AddParameter): Name = "Add into BOM"; Value = "yes"; VariantName = "[No Variations]"
Add component (AddParameter): Name = "Convert to PCB"; Value = "yes"; VariantName = "[No Variations]"
Add component (AddParameter): Name = "Current - Rectified"; Value = "1A"; VariantName = "[No Variations]"
Add component (AddParameter): Name = "Datasheet"; Value = "https://item.szlcsc.com/datasheet/1N5819HW-7-F/83701.html"; VariantName = "[No Variations]"
Add component (AddParameter): Name = "Device"; Value = "1N5819HW-7-F"; VariantName = "[No Variations]"
Add component (AddParameter): Name = "Diode Configuration"; Value = "1个独立式"; VariantName = "[No Variations]"
Add component (AddParameter): Name = "JLCPCB Part Class"; Value = "Extended Part"; VariantName = "[No Variations]"
Add component (AddParameter): Name = "LCSC Part Name"; Value = "电压:40V 电流:1A"; VariantName = "[No Variations]"
Add component (AddParameter): Name = "Manufacturer"; Value = "DIODES(美台)"; VariantName = "[No Variations]"
Add component (AddParameter): Name = "Manufacturer Part"; Value = "1N5819HW-7-F"; VariantName = "[No Variations]"
Add component (AddParameter): Name = "Non-Repetitive Peak Forward Surge Current"; Value = "25A"; VariantName = "[No Variations]"
Add component (AddParameter): Name = "Operating Junction Temperature Range"; Value = "-65℃~+150℃"; VariantName = "[No Variations]"
Add component (AddParameter): Name = "Reverse Leakage Current (Ir)"; Value = "1mA@40V"; VariantName = "[No Variations]"
Add component (AddParameter): Name = "Supplier"; Value = "LCSC"; VariantName = "[No Variations]"
Add component (AddParameter): Name = "Supplier Footprint"; Value = "SOD-123"; VariantName = "[No Variations]"
Add component (AddParameter): Name = "Supplier Part"; Value = "C82544"; VariantName = "[No Variations]"
Add component (AddParameter): Name = "Symbol"; Value = "1N5819HW-7-F"; VariantName = "[No Variations]"
Add component (AddParameter): Name = "Voltage - DC Reverse(Vr)"; Value = "40V"; VariantName = "[No Variations]"
Add component (AddParameter): Name = "Voltage - Forward(Vf@If)"; Value = "450mV@1A"; VariantName = "[No Variations]"
Added Component: Designator=D7(SOD-123_L2.7-W1.6-LS3.7-RD)
Add component (AddParameter): Name = "Add into BOM"; Value = "yes"; VariantName = "[No Variations]"
Add component (AddParameter): Name = "Convert to PCB"; Value = "yes"; VariantName = "[No Variations]"
Add component (AddParameter): Name = "Current - Rectified"; Value = "1A"; VariantName = "[No Variations]"
Add component (AddParameter): Name = "Datasheet"; Value = "https://item.szlcsc.com/datasheet/1N5819HW-7-F/83701.html"; VariantName = "[No Variations]"
Add component (AddParameter): Name = "Device"; Value = "1N5819HW-7-F"; VariantName = "[No Variations]"
Add component (AddParameter): Name = "Diode Configuration"; Value = "1个独立式"; VariantName = "[No Variations]"
Add component (AddParameter): Name = "JLCPCB Part Class"; Value = "Extended Part"; VariantName = "[No Variations]"
Add component (AddParameter): Name = "LCSC Part Name"; Value = "电压:40V 电流:1A"; VariantName = "[No Variations]"
Add component (AddParameter): Name = "Manufacturer"; Value = "DIODES(美台)"; VariantName = "[No Variations]"
Add component (AddParameter): Name = "Manufacturer Part"; Value = "1N5819HW-7-F"; VariantName = "[No Variations]"
Add component (AddParameter): Name = "Non-Repetitive Peak Forward Surge Current"; Value = "25A"; VariantName = "[No Variations]"
Add component (AddParameter): Name = "Operating Junction Temperature Range"; Value = "-65℃~+150℃"; VariantName = "[No Variations]"
Add component (AddParameter): Name = "Reverse Leakage Current (Ir)"; Value = "1mA@40V"; VariantName = "[No Variations]"
Add component (AddParameter): Name = "Supplier"; Value = "LCSC"; VariantName = "[No Variations]"
Add component (AddParameter): Name = "Supplier Footprint"; Value = "SOD-123"; VariantName = "[No Variations]"
Add component (AddParameter): Name = "Supplier Part"; Value = "C82544"; VariantName = "[No Variations]"
Add component (AddParameter): Name = "Symbol"; Value = "1N5819HW-7-F"; VariantName = "[No Variations]"
Add component (AddParameter): Name = "Voltage - DC Reverse(Vr)"; Value = "40V"; VariantName = "[No Variations]"
Add component (AddParameter): Name = "Voltage - Forward(Vf@If)"; Value = "450mV@1A"; VariantName = "[No Variations]"
Added Component: Designator=D8(LED0402-RD)
Add component (AddParameter): Name = "Add into BOM"; Value = "yes"; VariantName = "[No Variations]"
Add component (AddParameter): Name = "Convert to PCB"; Value = "yes"; VariantName = "[No Variations]"
Add component (AddParameter): Name = "Datasheet"; Value = "https://item.szlcsc.com/datasheet/XL-1005SURC/27234956.html"; VariantName = "[No Variations]"
Add component (AddParameter): Name = "Device"; Value = "XL-1005SURC_C25503345"; VariantName = "[No Variations]"
Add component (AddParameter): Name = "Forward Current"; Value = "20mA"; VariantName = "[No Variations]"
Add component (AddParameter): Name = "Illumination Color"; Value = "红色"; VariantName = "[No Variations]"
Add component (AddParameter): Name = "JLCPCB Part Class"; Value = "Extended Part"; VariantName = "[No Variations]"
Add component (AddParameter): Name = "LCSC Part Name"; Value = "0402分光红贴片式发光二极管"; VariantName = "[No Variations]"
Add component (AddParameter): Name = "Luminous Intensity"; Value = "200mcd"; VariantName = "[No Variations]"
Add component (AddParameter): Name = "Manufacturer"; Value = "XINGLIGHT(成兴光)"; VariantName = "[No Variations]"
Add component (AddParameter): Name = "Manufacturer Part"; Value = "XL-1005SURC"; VariantName = "[No Variations]"
Add component (AddParameter): Name = "Operating Temperature"; Value = "-40℃~+85℃"; VariantName = "[No Variations]"
Add component (AddParameter): Name = "Peak Wavelength"; Value = "625nm"; VariantName = "[No Variations]"
Add component (AddParameter): Name = "Power(Watts)"; Value = "50mW"; VariantName = "[No Variations]"
Add component (AddParameter): Name = "Supplier"; Value = "LCSC"; VariantName = "[No Variations]"
Add component (AddParameter): Name = "Supplier Footprint"; Value = "0402"; VariantName = "[No Variations]"
Add component (AddParameter): Name = "Supplier Part"; Value = "C25503345"; VariantName = "[No Variations]"
Add component (AddParameter): Name = "Symbol"; Value = "XL-1005SURC_C25503345"; VariantName = "[No Variations]"
Add component (AddParameter): Name = "Viewing Angle"; Value = "120°"; VariantName = "[No Variations]"
Add component (AddParameter): Name = "Voltage - Forward(Vf)"; Value = "1.8V~2.4V"; VariantName = "[No Variations]"
Add component (AddParameter): Name = "Wavelength - Dominant"; Value = "615nm~630nm"; VariantName = "[No Variations]"
Added Component: Designator=D9(LED0402-RD)
Add component (AddParameter): Name = "Add into BOM"; Value = "yes"; VariantName = "[No Variations]"
Add component (AddParameter): Name = "Convert to PCB"; Value = "yes"; VariantName = "[No Variations]"
Add component (AddParameter): Name = "Datasheet"; Value = "https://item.szlcsc.com/datasheet/XL-1005SURC/27234956.html"; VariantName = "[No Variations]"
Add component (AddParameter): Name = "Device"; Value = "XL-1005SURC_C25503345"; VariantName = "[No Variations]"
Add component (AddParameter): Name = "Forward Current"; Value = "20mA"; VariantName = "[No Variations]"
Add component (AddParameter): Name = "Illumination Color"; Value = "红色"; VariantName = "[No Variations]"
Add component (AddParameter): Name = "JLCPCB Part Class"; Value = "Extended Part"; VariantName = "[No Variations]"
Add component (AddParameter): Name = "LCSC Part Name"; Value = "0402分光红贴片式发光二极管"; VariantName = "[No Variations]"
Add component (AddParameter): Name = "Luminous Intensity"; Value = "200mcd"; VariantName = "[No Variations]"
Add component (AddParameter): Name = "Manufacturer"; Value = "XINGLIGHT(成兴光)"; VariantName = "[No Variations]"
Add component (AddParameter): Name = "Manufacturer Part"; Value = "XL-1005SURC"; VariantName = "[No Variations]"
Add component (AddParameter): Name = "Operating Temperature"; Value = "-40℃~+85℃"; VariantName = "[No Variations]"
Add component (AddParameter): Name = "Peak Wavelength"; Value = "625nm"; VariantName = "[No Variations]"
Add component (AddParameter): Name = "Power(Watts)"; Value = "50mW"; VariantName = "[No Variations]"
Add component (AddParameter): Name = "Supplier"; Value = "LCSC"; VariantName = "[No Variations]"
Add component (AddParameter): Name = "Supplier Footprint"; Value = "0402"; VariantName = "[No Variations]"
Add component (AddParameter): Name = "Supplier Part"; Value = "C25503345"; VariantName = "[No Variations]"
Add component (AddParameter): Name = "Symbol"; Value = "XL-1005SURC_C25503345"; VariantName = "[No Variations]"
Add component (AddParameter): Name = "Viewing Angle"; Value = "120°"; VariantName = "[No Variations]"
Add component (AddParameter): Name = "Voltage - Forward(Vf)"; Value = "1.8V~2.4V"; VariantName = "[No Variations]"
Add component (AddParameter): Name = "Wavelength - Dominant"; Value = "615nm~630nm"; VariantName = "[No Variations]"
Added Component: Designator=D10(LED0402-RD_ORANGE)
Add component (AddParameter): Name = "Add into BOM"; Value = "yes"; VariantName = "[No Variations]"
Add component (AddParameter): Name = "Color Temperature"; Value = "-"; VariantName = "[No Variations]"
Add component (AddParameter): Name = "Convert to PCB"; Value = "yes"; VariantName = "[No Variations]"
Add component (AddParameter): Name = "Datasheet"; Value = "https://item.szlcsc.com/datasheet/XL-1005UOC/1051400.html"; VariantName = "[No Variations]"
Add component (AddParameter): Name = "Device"; Value = "XL-1005UOC"; VariantName = "[No Variations]"
Add component (AddParameter): Name = "Forward Current"; Value = "20mA"; VariantName = "[No Variations]"
Add component (AddParameter): Name = "Illumination Color"; Value = "橙色"; VariantName = "[No Variations]"
Add component (AddParameter): Name = "JLCPCB Part Class"; Value = "Extended Part"; VariantName = "[No Variations]"
Add component (AddParameter): Name = "LCSC Part Name"; Value = "0402橙贴片式发光二极管"; VariantName = "[No Variations]"
Add component (AddParameter): Name = "Lens Color"; Value = "无色透明透镜"; VariantName = "[No Variations]"
Add component (AddParameter): Name = "Luminous Intensity"; Value = "350mcd"; VariantName = "[No Variations]"
Add component (AddParameter): Name = "Manufacturer"; Value = "XINGLIGHT(成兴光)"; VariantName = "[No Variations]"
Add component (AddParameter): Name = "Manufacturer Part"; Value = "XL-1005UOC"; VariantName = "[No Variations]"
Add component (AddParameter): Name = "Mounting Style"; Value = "正贴"; VariantName = "[No Variations]"
Add component (AddParameter): Name = "Operating Temperature"; Value = "-40℃~+85℃"; VariantName = "[No Variations]"
Add component (AddParameter): Name = "Peak Wavelength"; Value = "605nm"; VariantName = "[No Variations]"
Add component (AddParameter): Name = "Power(Watts)"; Value = "50mW"; VariantName = "[No Variations]"
Add component (AddParameter): Name = "Supplier"; Value = "LCSC"; VariantName = "[No Variations]"
Add component (AddParameter): Name = "Supplier Footprint"; Value = "0402"; VariantName = "[No Variations]"
Add component (AddParameter): Name = "Supplier Part"; Value = "C965791"; VariantName = "[No Variations]"
Add component (AddParameter): Name = "Symbol"; Value = "XL-1005UOC"; VariantName = "[No Variations]"
Add component (AddParameter): Name = "Viewing Angle"; Value = "120°"; VariantName = "[No Variations]"
Add component (AddParameter): Name = "Voltage - Forward(Vf)"; Value = "2.3V"; VariantName = "[No Variations]"
Add component (AddParameter): Name = "Wavelength - Dominant"; Value = "600nm~610nm"; VariantName = "[No Variations]"
Added Component: Designator=D11(SOT-23-3_L2.9-W1.6-P1.90-LS2.8-BR)
Add component (AddParameter): Name = "Add into BOM"; Value = "yes"; VariantName = "[No Variations]"
Add component (AddParameter): Name = "Convert to PCB"; Value = "yes"; VariantName = "[No Variations]"
Add component (AddParameter): Name = "Current - Rectified"; Value = "200mA"; VariantName = "[No Variations]"
Add component (AddParameter): Name = "Datasheet"; Value = "https://item.szlcsc.com/datasheet/BAT54C%252C215/38684.html"; VariantName = "[No Variations]"
Add component (AddParameter): Name = "Device"; Value = "BAT54C,215"; VariantName = "[No Variations]"
Add component (AddParameter): Name = "Diode Configuration"; Value = "1对共阴极"; VariantName = "[No Variations]"
Add component (AddParameter): Name = "JLCPCB Part Class"; Value = "Extended Part"; VariantName = "[No Variations]"
Add component (AddParameter): Name = "LCSC Part Name"; Value = "电压:30V 电流:200mA"; VariantName = "[No Variations]"
Add component (AddParameter): Name = "Manufacturer"; Value = "Nexperia(安世)"; VariantName = "[No Variations]"
Add component (AddParameter): Name = "Manufacturer Part"; Value = "BAT54C,215"; VariantName = "[No Variations]"
Add component (AddParameter): Name = "Non-Repetitive Peak Forward Surge Current"; Value = "600mA"; VariantName = "[No Variations]"
Add component (AddParameter): Name = "Reverse Leakage Current (Ir)"; Value = "2uA@25V"; VariantName = "[No Variations]"
Add component (AddParameter): Name = "Supplier"; Value = "LCSC"; VariantName = "[No Variations]"
Add component (AddParameter): Name = "Supplier Footprint"; Value = "SOT-23"; VariantName = "[No Variations]"
Add component (AddParameter): Name = "Supplier Part"; Value = "C37704"; VariantName = "[No Variations]"
Add component (AddParameter): Name = "Symbol"; Value = "BAT54C,215"; VariantName = "[No Variations]"
Add component (AddParameter): Name = "Voltage - DC Reverse(Vr)"; Value = "30V"; VariantName = "[No Variations]"
Add component (AddParameter): Name = "Voltage - Forward(Vf@If)"; Value = "800mV@100mA"; VariantName = "[No Variations]"
Added Component: Designator=J1(CONN-TH_2P-P2.50_HX25003-2A)
Add component (AddParameter): Name = "Add into BOM"; Value = "yes"; VariantName = "[No Variations]"
Add component (AddParameter): Name = "Color"; Value = "白色"; VariantName = "[No Variations]"
Add component (AddParameter): Name = "Contact Material"; Value = "黄铜"; VariantName = "[No Variations]"
Add component (AddParameter): Name = "Contact Plating"; Value = "锡"; VariantName = "[No Variations]"
Add component (AddParameter): Name = "Convert to PCB"; Value = "yes"; VariantName = "[No Variations]"
Add component (AddParameter): Name = "Current Rating"; Value = "3A"; VariantName = "[No Variations]"
Add component (AddParameter): Name = "Datasheet"; Value = "https://item.szlcsc.com/datasheet/ZX-XH2.54-2PZZ/8427549.html"; VariantName = "[No Variations]"
Add component (AddParameter): Name = "Device"; Value = "ZX-XH2.54-2PZZ"; VariantName = "[No Variations]"
Add component (AddParameter): Name = "Flame Retardant Rating"; Value = "UL94V-0"; VariantName = "[No Variations]"
Add component (AddParameter): Name = "JLCPCB Part Class"; Value = "Extended Part"; VariantName = "[No Variations]"
Add component (AddParameter): Name = "LCSC Part Name"; Value = "1x2P 间距:2.5mm 直插 系列:XH"; VariantName = "[No Variations]"
Add component (AddParameter): Name = "Manufacturer"; Value = "Megastar(兆星)"; VariantName = "[No Variations]"
Add component (AddParameter): Name = "Manufacturer Part"; Value = "ZX-XH2.54-2PZZ"; VariantName = "[No Variations]"
Add component (AddParameter): Name = "Mounting Type"; Value = "直插"; VariantName = "[No Variations]"
Add component (AddParameter): Name = "Number of Pins"; Value = "2P"; VariantName = "[No Variations]"
Add component (AddParameter): Name = "Number of PINs Per Row"; Value = "2"; VariantName = "[No Variations]"
Add component (AddParameter): Name = "Number of Rows"; Value = "1"; VariantName = "[No Variations]"
Add component (AddParameter): Name = "Operating Temperature"; Value = "-25℃~+85℃"; VariantName = "[No Variations]"
Add component (AddParameter): Name = "Pins Structure"; Value = "1x2P"; VariantName = "[No Variations]"
Add component (AddParameter): Name = "Pitch"; Value = "2.5mm"; VariantName = "[No Variations]"
Add component (AddParameter): Name = "Plastic Material"; Value = "PA66"; VariantName = "[No Variations]"
Add component (AddParameter): Name = "Reference Series"; Value = "XH"; VariantName = "[No Variations]"
Add component (AddParameter): Name = "Row Spacing"; Value = "-"; VariantName = "[No Variations]"
Add component (AddParameter): Name = "Supplementary Features"; Value = "-"; VariantName = "[No Variations]"
Add component (AddParameter): Name = "Supplier"; Value = "LCSC"; VariantName = "[No Variations]"
Add component (AddParameter): Name = "Supplier Footprint"; Value = "插件,P=2.5mm"; VariantName = "[No Variations]"
Add component (AddParameter): Name = "Supplier Part"; Value = "C7429632"; VariantName = "[No Variations]"
Add component (AddParameter): Name = "Symbol"; Value = "ZX-XH2.54-2PZZ"; VariantName = "[No Variations]"
Add component (AddParameter): Name = "Voltage Rating"; Value = "250V"; VariantName = "[No Variations]"
Add component (AddParameter): Name = "X-Length of Bottom Edge on Board (Spacing Line)"; Value = "7.5mm"; VariantName = "[No Variations]"
Add component (AddParameter): Name = "Y-Width of Bottom Edge on Board"; Value = "5.9mm"; VariantName = "[No Variations]"
Add component (AddParameter): Name = "Z-Height of the Board"; Value = "7mm"; VariantName = "[No Variations]"
Added Component: Designator=J2(FPC-SMD_AFC01-S14FCA-00)
Add component (AddParameter): Name = "Add into BOM"; Value = "yes"; VariantName = "[No Variations]"
Add component (AddParameter): Name = "Contact Type"; Value = "下接"; VariantName = "[No Variations]"
Add component (AddParameter): Name = "Convert to PCB"; Value = "yes"; VariantName = "[No Variations]"
Add component (AddParameter): Name = "Datasheet"; Value = "https://atta.szlcsc.com/upload/public/pdf/source/20190816/C413942_2A72D1AC756EAE17EEDF756A339D4500.pdf"; VariantName = "[No Variations]"
Add component (AddParameter): Name = "Device"; Value = "AFC01-S14FCA-00"; VariantName = "[No Variations]"
Add component (AddParameter): Name = "FFC, FCB Thickness"; Value = "0.3mm"; VariantName = "[No Variations]"
Add component (AddParameter): Name = "Height Above Board"; Value = "2mm"; VariantName = "[No Variations]"
Add component (AddParameter): Name = "JLCPCB Part Class"; Value = "Extended Part"; VariantName = "[No Variations]"
Add component (AddParameter): Name = "LCSC Part Name"; Value = "间距:0.5mm P数:14P 翻盖式 下接"; VariantName = "[No Variations]"
Add component (AddParameter): Name = "Locking Feature"; Value = "翻盖式"; VariantName = "[No Variations]"
Add component (AddParameter): Name = "Manufacturer"; Value = "JS(钜硕电子)"; VariantName = "[No Variations]"
Add component (AddParameter): Name = "Manufacturer Part"; Value = "AFC01-S14FCA-00"; VariantName = "[No Variations]"
Add component (AddParameter): Name = "Mounting Type"; Value = "卧贴"; VariantName = "[No Variations]"
Add component (AddParameter): Name = "Number of Contacts"; Value = "14P"; VariantName = "[No Variations]"
Add component (AddParameter): Name = "Operating Temperature Range"; Value = "-"; VariantName = "[No Variations]"
Add component (AddParameter): Name = "Pitch"; Value = "0.5mm"; VariantName = "[No Variations]"
Add component (AddParameter): Name = "Supplier"; Value = "LCSC"; VariantName = "[No Variations]"
Add component (AddParameter): Name = "Supplier Footprint"; Value = "SMD,P=0.5mm,卧贴"; VariantName = "[No Variations]"
Add component (AddParameter): Name = "Supplier Part"; Value = "C262663"; VariantName = "[No Variations]"
Add component (AddParameter): Name = "Symbol"; Value = "AFC01-S14FCA-00"; VariantName = "[No Variations]"
Added Component: Designator=J3(CONN-SMD_2P-P1.00_XUNPU_WAFER-SH1.0-2PWB)
Add component (AddParameter): Name = "Add into BOM"; Value = "yes"; VariantName = "[No Variations]"
Add component (AddParameter): Name = "Color"; Value = "米色"; VariantName = "[No Variations]"
Add component (AddParameter): Name = "Contact Material"; Value = "黄铜"; VariantName = "[No Variations]"
Add component (AddParameter): Name = "Contact Plating"; Value = "锡"; VariantName = "[No Variations]"
Add component (AddParameter): Name = "Convert to PCB"; Value = "yes"; VariantName = "[No Variations]"
Add component (AddParameter): Name = "Current Rating"; Value = "1A"; VariantName = "[No Variations]"
Add component (AddParameter): Name = "Datasheet"; Value = "https://item.szlcsc.com/datasheet/WAFER-SH1.0-2PWB/3561353.html"; VariantName = "[No Variations]"
Add component (AddParameter): Name = "Device"; Value = "WAFER-SH1.0-2PWB"; VariantName = "[No Variations]"
Add component (AddParameter): Name = "Flame Retardant Rating"; Value = "-"; VariantName = "[No Variations]"
Add component (AddParameter): Name = "JLCPCB Part Class"; Value = "Extended Part"; VariantName = "[No Variations]"
Add component (AddParameter): Name = "LCSC Part Name"; Value = "1x2P 间距:1mm 卧贴 系列:SH"; VariantName = "[No Variations]"
Add component (AddParameter): Name = "Manufacturer"; Value = "XUNPU(讯普)"; VariantName = "[No Variations]"
Add component (AddParameter): Name = "Manufacturer Part"; Value = "WAFER-SH1.0-2PWB"; VariantName = "[No Variations]"
Add component (AddParameter): Name = "Mounting Type"; Value = "卧贴"; VariantName = "[No Variations]"
Add component (AddParameter): Name = "Number of Pins"; Value = "2P"; VariantName = "[No Variations]"
Add component (AddParameter): Name = "Number of PINs Per Row"; Value = "2"; VariantName = "[No Variations]"
Add component (AddParameter): Name = "Number of Rows"; Value = "1"; VariantName = "[No Variations]"
Add component (AddParameter): Name = "Operating Temperature"; Value = "-40℃~+85℃"; VariantName = "[No Variations]"
Add component (AddParameter): Name = "Pins Structure"; Value = "1x2P"; VariantName = "[No Variations]"
Add component (AddParameter): Name = "Pitch"; Value = "1mm"; VariantName = "[No Variations]"
Add component (AddParameter): Name = "Plastic Material"; Value = "LCP"; VariantName = "[No Variations]"
Add component (AddParameter): Name = "Reference Series"; Value = "SH"; VariantName = "[No Variations]"
Add component (AddParameter): Name = "Row Spacing"; Value = "-"; VariantName = "[No Variations]"
Add component (AddParameter): Name = "Supplementary Features"; Value = "辅助焊脚"; VariantName = "[No Variations]"
Add component (AddParameter): Name = "Supplier"; Value = "LCSC"; VariantName = "[No Variations]"
Add component (AddParameter): Name = "Supplier Footprint"; Value = "SMD,P=1mm,卧贴"; VariantName = "[No Variations]"
Add component (AddParameter): Name = "Supplier Part"; Value = "C3029341"; VariantName = "[No Variations]"
Add component (AddParameter): Name = "Symbol"; Value = "WAFER-SH1.0-2PWB"; VariantName = "[No Variations]"
Add component (AddParameter): Name = "Voltage Rating"; Value = "50V"; VariantName = "[No Variations]"
Add component (AddParameter): Name = "X-Length of Bottom Edge on Board (Spacing Line)"; Value = "4.35mm"; VariantName = "[No Variations]"
Add component (AddParameter): Name = "Y-Width of Bottom Edge on Board"; Value = "4.3mm"; VariantName = "[No Variations]"
Add component (AddParameter): Name = "Z-Height of the Board"; Value = "3.15mm"; VariantName = "[No Variations]"
Added Component: Designator=J4(CONN-SMD_2P-P1.00_XUNPU_WAFER-SH1.0-2PWB)
Add component (AddParameter): Name = "Add into BOM"; Value = "yes"; VariantName = "[No Variations]"
Add component (AddParameter): Name = "Color"; Value = "米色"; VariantName = "[No Variations]"
Add component (AddParameter): Name = "Contact Material"; Value = "黄铜"; VariantName = "[No Variations]"
Add component (AddParameter): Name = "Contact Plating"; Value = "锡"; VariantName = "[No Variations]"
Add component (AddParameter): Name = "Convert to PCB"; Value = "yes"; VariantName = "[No Variations]"
Add component (AddParameter): Name = "Current Rating"; Value = "1A"; VariantName = "[No Variations]"
Add component (AddParameter): Name = "Datasheet"; Value = "https://item.szlcsc.com/datasheet/WAFER-SH1.0-2PWB/3561353.html"; VariantName = "[No Variations]"
Add component (AddParameter): Name = "Device"; Value = "WAFER-SH1.0-2PWB"; VariantName = "[No Variations]"
Add component (AddParameter): Name = "Flame Retardant Rating"; Value = "-"; VariantName = "[No Variations]"
Add component (AddParameter): Name = "JLCPCB Part Class"; Value = "Extended Part"; VariantName = "[No Variations]"
Add component (AddParameter): Name = "LCSC Part Name"; Value = "1x2P 间距:1mm 卧贴 系列:SH"; VariantName = "[No Variations]"
Add component (AddParameter): Name = "Manufacturer"; Value = "XUNPU(讯普)"; VariantName = "[No Variations]"
Add component (AddParameter): Name = "Manufacturer Part"; Value = "WAFER-SH1.0-2PWB"; VariantName = "[No Variations]"
Add component (AddParameter): Name = "Mounting Type"; Value = "卧贴"; VariantName = "[No Variations]"
Add component (AddParameter): Name = "Number of Pins"; Value = "2P"; VariantName = "[No Variations]"
Add component (AddParameter): Name = "Number of PINs Per Row"; Value = "2"; VariantName = "[No Variations]"
Add component (AddParameter): Name = "Number of Rows"; Value = "1"; VariantName = "[No Variations]"
Add component (AddParameter): Name = "Operating Temperature"; Value = "-40℃~+85℃"; VariantName = "[No Variations]"
Add component (AddParameter): Name = "Pins Structure"; Value = "1x2P"; VariantName = "[No Variations]"
Add component (AddParameter): Name = "Pitch"; Value = "1mm"; VariantName = "[No Variations]"
Add component (AddParameter): Name = "Plastic Material"; Value = "LCP"; VariantName = "[No Variations]"
Add component (AddParameter): Name = "Reference Series"; Value = "SH"; VariantName = "[No Variations]"
Add component (AddParameter): Name = "Row Spacing"; Value = "-"; VariantName = "[No Variations]"
Add component (AddParameter): Name = "Supplementary Features"; Value = "辅助焊脚"; VariantName = "[No Variations]"
Add component (AddParameter): Name = "Supplier"; Value = "LCSC"; VariantName = "[No Variations]"
Add component (AddParameter): Name = "Supplier Footprint"; Value = "SMD,P=1mm,卧贴"; VariantName = "[No Variations]"
Add component (AddParameter): Name = "Supplier Part"; Value = "C3029341"; VariantName = "[No Variations]"
Add component (AddParameter): Name = "Symbol"; Value = "WAFER-SH1.0-2PWB"; VariantName = "[No Variations]"
Add component (AddParameter): Name = "Voltage Rating"; Value = "50V"; VariantName = "[No Variations]"
Add component (AddParameter): Name = "X-Length of Bottom Edge on Board (Spacing Line)"; Value = "4.35mm"; VariantName = "[No Variations]"
Add component (AddParameter): Name = "Y-Width of Bottom Edge on Board"; Value = "4.3mm"; VariantName = "[No Variations]"
Add component (AddParameter): Name = "Z-Height of the Board"; Value = "3.15mm"; VariantName = "[No Variations]"
Added Component: Designator=J5(FPC-SMD_AFC01-S40FCA-00)
Add component (AddParameter): Name = "Add into BOM"; Value = "yes"; VariantName = "[No Variations]"
Add component (AddParameter): Name = "Contact Type"; Value = "下接"; VariantName = "[No Variations]"
Add component (AddParameter): Name = "Convert to PCB"; Value = "yes"; VariantName = "[No Variations]"
Add component (AddParameter): Name = "Datasheet"; Value = "https://item.szlcsc.com/datasheet/AFC01-S40FCA-00/253933.html"; VariantName = "[No Variations]"
Add component (AddParameter): Name = "Device"; Value = "AFC01-S40FCA-00"; VariantName = "[No Variations]"
Add component (AddParameter): Name = "FFC, FCB Thickness"; Value = "0.3mm"; VariantName = "[No Variations]"
Add component (AddParameter): Name = "Height Above Board"; Value = "2mm"; VariantName = "[No Variations]"
Add component (AddParameter): Name = "JLCPCB Part Class"; Value = "Extended Part"; VariantName = "[No Variations]"
Add component (AddParameter): Name = "LCSC Part Name"; Value = "间距:0.5mm P数:40P 翻盖式 下接"; VariantName = "[No Variations]"
Add component (AddParameter): Name = "Locking Feature"; Value = "翻盖式"; VariantName = "[No Variations]"
Add component (AddParameter): Name = "Manufacturer"; Value = "JS(钜硕电子)"; VariantName = "[No Variations]"
Add component (AddParameter): Name = "Manufacturer Part"; Value = "AFC01-S40FCA-00"; VariantName = "[No Variations]"
Add component (AddParameter): Name = "Mounting Type"; Value = "卧贴"; VariantName = "[No Variations]"
Add component (AddParameter): Name = "Number of Contacts"; Value = "40P"; VariantName = "[No Variations]"
Add component (AddParameter): Name = "Pitch"; Value = "0.5mm"; VariantName = "[No Variations]"
Add component (AddParameter): Name = "Supplier"; Value = "LCSC"; VariantName = "[No Variations]"
Add component (AddParameter): Name = "Supplier Footprint"; Value = "SMD,P=0.5mm,卧贴"; VariantName = "[No Variations]"
Add component (AddParameter): Name = "Supplier Part"; Value = "C262674"; VariantName = "[No Variations]"
Add component (AddParameter): Name = "Symbol"; Value = "AFC01-S40FCA-00"; VariantName = "[No Variations]"
Added Component: Designator=J6(FPC-SMD_AFC01-S05FCA-00)
Add component (AddParameter): Name = "Add into BOM"; Value = "yes"; VariantName = "[No Variations]"
Add component (AddParameter): Name = "Contact Type"; Value = "下接"; VariantName = "[No Variations]"
Add component (AddParameter): Name = "Convert to PCB"; Value = "yes"; VariantName = "[No Variations]"
Add component (AddParameter): Name = "Datasheet"; Value = "https://item.szlcsc.com/datasheet/AFC01-S05FCA-00/253913.html"; VariantName = "[No Variations]"
Add component (AddParameter): Name = "Device"; Value = "AFC01-S05FCA-00"; VariantName = "[No Variations]"
Add component (AddParameter): Name = "FFC, FCB Thickness"; Value = "0.3mm"; VariantName = "[No Variations]"
Add component (AddParameter): Name = "Height Above Board"; Value = "2mm"; VariantName = "[No Variations]"
Add component (AddParameter): Name = "JLCPCB Part Class"; Value = "Extended Part"; VariantName = "[No Variations]"
Add component (AddParameter): Name = "LCSC Part Name"; Value = "间距:0.5mm P数:5P 翻盖式 下接"; VariantName = "[No Variations]"
Add component (AddParameter): Name = "Locking Feature"; Value = "翻盖式"; VariantName = "[No Variations]"
Add component (AddParameter): Name = "Manufacturer"; Value = "JS(钜硕电子)"; VariantName = "[No Variations]"
Add component (AddParameter): Name = "Manufacturer Part"; Value = "AFC01-S05FCA-00"; VariantName = "[No Variations]"
Add component (AddParameter): Name = "Mounting Type"; Value = "卧贴"; VariantName = "[No Variations]"
Add component (AddParameter): Name = "Number of Contacts"; Value = "5P"; VariantName = "[No Variations]"
Add component (AddParameter): Name = "Pitch"; Value = "0.5mm"; VariantName = "[No Variations]"
Add component (AddParameter): Name = "Supplier"; Value = "LCSC"; VariantName = "[No Variations]"
Add component (AddParameter): Name = "Supplier Footprint"; Value = "SMD,P=0.5mm,卧贴"; VariantName = "[No Variations]"
Add component (AddParameter): Name = "Supplier Part"; Value = "C262654"; VariantName = "[No Variations]"
Add component (AddParameter): Name = "Symbol"; Value = "AFC01-S05FCA-00"; VariantName = "[No Variations]"
Added Component: Designator=J7(CONN-SMD_2P-P1.00_XUNPU_WAFER-SH1.0-2PWB)
Add component (AddParameter): Name = "Add into BOM"; Value = "yes"; VariantName = "[No Variations]"
Add component (AddParameter): Name = "Color"; Value = "米色"; VariantName = "[No Variations]"
Add component (AddParameter): Name = "Contact Material"; Value = "黄铜"; VariantName = "[No Variations]"
Add component (AddParameter): Name = "Contact Plating"; Value = "锡"; VariantName = "[No Variations]"
Add component (AddParameter): Name = "Convert to PCB"; Value = "yes"; VariantName = "[No Variations]"
Add component (AddParameter): Name = "Current Rating"; Value = "1A"; VariantName = "[No Variations]"
Add component (AddParameter): Name = "Datasheet"; Value = "https://item.szlcsc.com/datasheet/WAFER-SH1.0-2PWB/3561353.html"; VariantName = "[No Variations]"
Add component (AddParameter): Name = "Device"; Value = "WAFER-SH1.0-2PWB"; VariantName = "[No Variations]"
Add component (AddParameter): Name = "Flame Retardant Rating"; Value = "-"; VariantName = "[No Variations]"
Add component (AddParameter): Name = "JLCPCB Part Class"; Value = "Extended Part"; VariantName = "[No Variations]"
Add component (AddParameter): Name = "LCSC Part Name"; Value = "1x2P 间距:1mm 卧贴 系列:SH"; VariantName = "[No Variations]"
Add component (AddParameter): Name = "Manufacturer"; Value = "XUNPU(讯普)"; VariantName = "[No Variations]"
Add component (AddParameter): Name = "Manufacturer Part"; Value = "WAFER-SH1.0-2PWB"; VariantName = "[No Variations]"
Add component (AddParameter): Name = "Mounting Type"; Value = "卧贴"; VariantName = "[No Variations]"
Add component (AddParameter): Name = "Number of Pins"; Value = "2P"; VariantName = "[No Variations]"
Add component (AddParameter): Name = "Number of PINs Per Row"; Value = "2"; VariantName = "[No Variations]"
Add component (AddParameter): Name = "Number of Rows"; Value = "1"; VariantName = "[No Variations]"
Add component (AddParameter): Name = "Operating Temperature"; Value = "-40℃~+85℃"; VariantName = "[No Variations]"
Add component (AddParameter): Name = "Pins Structure"; Value = "1x2P"; VariantName = "[No Variations]"
Add component (AddParameter): Name = "Pitch"; Value = "1mm"; VariantName = "[No Variations]"
Add component (AddParameter): Name = "Plastic Material"; Value = "LCP"; VariantName = "[No Variations]"
Add component (AddParameter): Name = "Reference Series"; Value = "SH"; VariantName = "[No Variations]"
Add component (AddParameter): Name = "Row Spacing"; Value = "-"; VariantName = "[No Variations]"
Add component (AddParameter): Name = "Supplementary Features"; Value = "辅助焊脚"; VariantName = "[No Variations]"
Add component (AddParameter): Name = "Supplier"; Value = "LCSC"; VariantName = "[No Variations]"
Add component (AddParameter): Name = "Supplier Footprint"; Value = "SMD,P=1mm,卧贴"; VariantName = "[No Variations]"
Add component (AddParameter): Name = "Supplier Part"; Value = "C3029341"; VariantName = "[No Variations]"
Add component (AddParameter): Name = "Symbol"; Value = "WAFER-SH1.0-2PWB"; VariantName = "[No Variations]"
Add component (AddParameter): Name = "Voltage Rating"; Value = "50V"; VariantName = "[No Variations]"
Add component (AddParameter): Name = "X-Length of Bottom Edge on Board (Spacing Line)"; Value = "4.35mm"; VariantName = "[No Variations]"
Add component (AddParameter): Name = "Y-Width of Bottom Edge on Board"; Value = "4.3mm"; VariantName = "[No Variations]"
Add component (AddParameter): Name = "Z-Height of the Board"; Value = "3.15mm"; VariantName = "[No Variations]"
Added Component: Designator=J8(CONN-SMD_2P-P1.00_XUNPU_WAFER-SH1.0-2PWB)
Add component (AddParameter): Name = "Add into BOM"; Value = "yes"; VariantName = "[No Variations]"
Add component (AddParameter): Name = "Color"; Value = "米色"; VariantName = "[No Variations]"
Add component (AddParameter): Name = "Contact Material"; Value = "黄铜"; VariantName = "[No Variations]"
Add component (AddParameter): Name = "Contact Plating"; Value = "锡"; VariantName = "[No Variations]"
Add component (AddParameter): Name = "Convert to PCB"; Value = "yes"; VariantName = "[No Variations]"
Add component (AddParameter): Name = "Current Rating"; Value = "1A"; VariantName = "[No Variations]"
Add component (AddParameter): Name = "Datasheet"; Value = "https://item.szlcsc.com/datasheet/WAFER-SH1.0-2PWB/3561353.html"; VariantName = "[No Variations]"
Add component (AddParameter): Name = "Device"; Value = "WAFER-SH1.0-2PWB"; VariantName = "[No Variations]"
Add component (AddParameter): Name = "Flame Retardant Rating"; Value = "-"; VariantName = "[No Variations]"
Add component (AddParameter): Name = "JLCPCB Part Class"; Value = "Extended Part"; VariantName = "[No Variations]"
Add component (AddParameter): Name = "LCSC Part Name"; Value = "1x2P 间距:1mm 卧贴 系列:SH"; VariantName = "[No Variations]"
Add component (AddParameter): Name = "Manufacturer"; Value = "XUNPU(讯普)"; VariantName = "[No Variations]"
Add component (AddParameter): Name = "Manufacturer Part"; Value = "WAFER-SH1.0-2PWB"; VariantName = "[No Variations]"
Add component (AddParameter): Name = "Mounting Type"; Value = "卧贴"; VariantName = "[No Variations]"
Add component (AddParameter): Name = "Number of Pins"; Value = "2P"; VariantName = "[No Variations]"
Add component (AddParameter): Name = "Number of PINs Per Row"; Value = "2"; VariantName = "[No Variations]"
Add component (AddParameter): Name = "Number of Rows"; Value = "1"; VariantName = "[No Variations]"
Add component (AddParameter): Name = "Operating Temperature"; Value = "-40℃~+85℃"; VariantName = "[No Variations]"
Add component (AddParameter): Name = "Pins Structure"; Value = "1x2P"; VariantName = "[No Variations]"
Add component (AddParameter): Name = "Pitch"; Value = "1mm"; VariantName = "[No Variations]"
Add component (AddParameter): Name = "Plastic Material"; Value = "LCP"; VariantName = "[No Variations]"
Add component (AddParameter): Name = "Reference Series"; Value = "SH"; VariantName = "[No Variations]"
Add component (AddParameter): Name = "Row Spacing"; Value = "-"; VariantName = "[No Variations]"
Add component (AddParameter): Name = "Supplementary Features"; Value = "辅助焊脚"; VariantName = "[No Variations]"
Add component (AddParameter): Name = "Supplier"; Value = "LCSC"; VariantName = "[No Variations]"
Add component (AddParameter): Name = "Supplier Footprint"; Value = "SMD,P=1mm,卧贴"; VariantName = "[No Variations]"
Add component (AddParameter): Name = "Supplier Part"; Value = "C3029341"; VariantName = "[No Variations]"
Add component (AddParameter): Name = "Symbol"; Value = "WAFER-SH1.0-2PWB"; VariantName = "[No Variations]"
Add component (AddParameter): Name = "Voltage Rating"; Value = "50V"; VariantName = "[No Variations]"
Add component (AddParameter): Name = "X-Length of Bottom Edge on Board (Spacing Line)"; Value = "4.35mm"; VariantName = "[No Variations]"
Add component (AddParameter): Name = "Y-Width of Bottom Edge on Board"; Value = "4.3mm"; VariantName = "[No Variations]"
Add component (AddParameter): Name = "Z-Height of the Board"; Value = "3.15mm"; VariantName = "[No Variations]"
Added Component: Designator=J100(FPC-SMD_AFC01-S14FCA-00)
Add component (AddParameter): Name = "Add into BOM"; Value = "yes"; VariantName = "[No Variations]"
Add component (AddParameter): Name = "Contact Type"; Value = "下接"; VariantName = "[No Variations]"
Add component (AddParameter): Name = "Convert to PCB"; Value = "yes"; VariantName = "[No Variations]"
Add component (AddParameter): Name = "Datasheet"; Value = "https://atta.szlcsc.com/upload/public/pdf/source/20190816/C413942_2A72D1AC756EAE17EEDF756A339D4500.pdf"; VariantName = "[No Variations]"
Add component (AddParameter): Name = "Device"; Value = "AFC01-S14FCA-00"; VariantName = "[No Variations]"
Add component (AddParameter): Name = "FFC, FCB Thickness"; Value = "0.3mm"; VariantName = "[No Variations]"
Add component (AddParameter): Name = "Height Above Board"; Value = "2mm"; VariantName = "[No Variations]"
Add component (AddParameter): Name = "JLCPCB Part Class"; Value = "Extended Part"; VariantName = "[No Variations]"
Add component (AddParameter): Name = "LCSC Part Name"; Value = "间距:0.5mm P数:14P 翻盖式 下接"; VariantName = "[No Variations]"
Add component (AddParameter): Name = "Locking Feature"; Value = "翻盖式"; VariantName = "[No Variations]"
Add component (AddParameter): Name = "Manufacturer"; Value = "JS(钜硕电子)"; VariantName = "[No Variations]"
Add component (AddParameter): Name = "Manufacturer Part"; Value = "AFC01-S14FCA-00"; VariantName = "[No Variations]"
Add component (AddParameter): Name = "Mounting Type"; Value = "卧贴"; VariantName = "[No Variations]"
Add component (AddParameter): Name = "Number of Contacts"; Value = "14P"; VariantName = "[No Variations]"
Add component (AddParameter): Name = "Operating Temperature Range"; Value = "-"; VariantName = "[No Variations]"
Add component (AddParameter): Name = "Pitch"; Value = "0.5mm"; VariantName = "[No Variations]"
Add component (AddParameter): Name = "Supplier"; Value = "LCSC"; VariantName = "[No Variations]"
Add component (AddParameter): Name = "Supplier Footprint"; Value = "SMD,P=0.5mm,卧贴"; VariantName = "[No Variations]"
Add component (AddParameter): Name = "Supplier Part"; Value = "C262663"; VariantName = "[No Variations]"
Add component (AddParameter): Name = "Symbol"; Value = "AFC01-S14FCA-00"; VariantName = "[No Variations]"
Added Component: Designator=J101(RJ45-TH_HR911105A)
Add component (AddParameter): Name = "Add into BOM"; Value = "yes"; VariantName = "[No Variations]"
Add component (AddParameter): Name = "Connector Type"; Value = "RJ45插座"; VariantName = "[No Variations]"
Add component (AddParameter): Name = "Contact Material"; Value = "-"; VariantName = "[No Variations]"
Add component (AddParameter): Name = "Contact Plating"; Value = "-"; VariantName = "[No Variations]"
Add component (AddParameter): Name = "Convert to PCB"; Value = "yes"; VariantName = "[No Variations]"
Add component (AddParameter): Name = "Datasheet"; Value = "https://item.szlcsc.com/datasheet/HR911105A/12651.html"; VariantName = "[No Variations]"
Add component (AddParameter): Name = "Device"; Value = "HR911105A_C12074"; VariantName = "[No Variations]"
Add component (AddParameter): Name = "JLCPCB Part Class"; Value = "Extended Part"; VariantName = "[No Variations]"
Add component (AddParameter): Name = "LCSC Part Name"; Value = "带LED"; VariantName = "[No Variations]"
Add component (AddParameter): Name = "LED"; Value = "带LED"; VariantName = "[No Variations]"
Add component (AddParameter): Name = "Manufacturer"; Value = "HANRUN(汉仁)"; VariantName = "[No Variations]"
Add component (AddParameter): Name = "Manufacturer Part"; Value = "HR911105A"; VariantName = "[No Variations]"
Add component (AddParameter): Name = "Mounting Type"; Value = "-"; VariantName = "[No Variations]"
Add component (AddParameter): Name = "Number of Ports"; Value = "1"; VariantName = "[No Variations]"
Add component (AddParameter): Name = "Operating Temperature"; Value = "-"; VariantName = "[No Variations]"
Add component (AddParameter): Name = "PoE"; Value = "不带PoE"; VariantName = "[No Variations]"
Add component (AddParameter): Name = "Ratings"; Value = "-"; VariantName = "[No Variations]"
Add component (AddParameter): Name = "Shielding"; Value = "-"; VariantName = "[No Variations]"
Add component (AddParameter): Name = "Supplementary Features"; Value = "带滤波"; VariantName = "[No Variations]"
Add component (AddParameter): Name = "Supplier"; Value = "LCSC"; VariantName = "[No Variations]"
Add component (AddParameter): Name = "Supplier Footprint"; Value = "插件"; VariantName = "[No Variations]"
Add component (AddParameter): Name = "Supplier Part"; Value = "C12074"; VariantName = "[No Variations]"
Add component (AddParameter): Name = "Symbol"; Value = "HR911105A_C12074"; VariantName = "[No Variations]"
Added Component: Designator=L1(0805_L)
Add component (AddParameter): Name = "Add into BOM"; Value = "yes"; VariantName = "[No Variations]"
Add component (AddParameter): Name = "Circuits"; Value = "1"; VariantName = "[No Variations]"
Add component (AddParameter): Name = "Convert to PCB"; Value = "yes"; VariantName = "[No Variations]"
Add component (AddParameter): Name = "Current Rating"; Value = "2A"; VariantName = "[No Variations]"
Add component (AddParameter): Name = "Datasheet"; Value = "https://atta.szlcsc.com/upload/public/pdf/source/20180326/C118443_3FAC30E9A4F0E6B81275543C61E0685E.pdf"; VariantName = "[No Variations]"
Add component (AddParameter): Name = "DC Resistance"; Value = "45mΩ"; VariantName = "[No Variations]"
Add component (AddParameter): Name = "Device"; Value = "BLM21PG221SN1D"; VariantName = "[No Variations]"
Add component (AddParameter): Name = "Impedance @ Frequency"; Value = "220Ω@100MHz"; VariantName = "[No Variations]"
Add component (AddParameter): Name = "JLCPCB Part Class"; Value = "Extended Part"; VariantName = "[No Variations]"
Add component (AddParameter): Name = "LCSC Part Name"; Value = "单路 0805磁珠 阻抗220Ω@100MHz"; VariantName = "[No Variations]"
Add component (AddParameter): Name = "Manufacturer"; Value = "muRata(村田)"; VariantName = "[No Variations]"
Add component (AddParameter): Name = "Manufacturer Part"; Value = "BLM21PG221SN1D"; VariantName = "[No Variations]"
Add component (AddParameter): Name = "Supplier"; Value = "LCSC"; VariantName = "[No Variations]"
Add component (AddParameter): Name = "Supplier Footprint"; Value = "0805"; VariantName = "[No Variations]"
Add component (AddParameter): Name = "Supplier Part"; Value = "C85840"; VariantName = "[No Variations]"
Add component (AddParameter): Name = "Symbol"; Value = "BLM21PG221SN1D"; VariantName = "[No Variations]"
Add component (AddParameter): Name = "Tolerance"; Value = "±25%"; VariantName = "[No Variations]"
Added Component: Designator=L2(0402_L)
Add component (AddParameter): Name = "Add into BOM"; Value = "yes"; VariantName = "[No Variations]"
Add component (AddParameter): Name = "Convert to PCB"; Value = "yes"; VariantName = "[No Variations]"
Add component (AddParameter): Name = "Current Rating"; Value = "1A"; VariantName = "[No Variations]"
Add component (AddParameter): Name = "Datasheet"; Value = "https://item.szlcsc.com/datasheet/BLM15AG100SN1D/78009.html"; VariantName = "[No Variations]"
Add component (AddParameter): Name = "DC Resistance(DCR)"; Value = "25mΩ"; VariantName = "[No Variations]"
Add component (AddParameter): Name = "Device"; Value = "BLM15AG100SN1D"; VariantName = "[No Variations]"
Add component (AddParameter): Name = "Impedance @ Frequency"; Value = "10Ω@100MHz"; VariantName = "[No Variations]"
Add component (AddParameter): Name = "JLCPCB Part Class"; Value = "Extended Part"; VariantName = "[No Variations]"
Add component (AddParameter): Name = "LCSC Part Name"; Value = "单路 0402磁珠 阻抗10Ω@100MHz"; VariantName = "[No Variations]"
Add component (AddParameter): Name = "Manufacturer"; Value = "muRata(村田)"; VariantName = "[No Variations]"
Add component (AddParameter): Name = "Manufacturer Part"; Value = "BLM15AG100SN1D"; VariantName = "[No Variations]"
Add component (AddParameter): Name = "Number of Circuits"; Value = "1"; VariantName = "[No Variations]"
Add component (AddParameter): Name = "Operating Temperature"; Value = "-55℃~+125℃"; VariantName = "[No Variations]"
Add component (AddParameter): Name = "Supplier"; Value = "LCSC"; VariantName = "[No Variations]"
Add component (AddParameter): Name = "Supplier Footprint"; Value = "0402"; VariantName = "[No Variations]"
Add component (AddParameter): Name = "Supplier Part"; Value = "C76882"; VariantName = "[No Variations]"
Add component (AddParameter): Name = "Symbol"; Value = "BLM15AG100SN1D"; VariantName = "[No Variations]"
Add component (AddParameter): Name = "Tolerance"; Value = "-"; VariantName = "[No Variations]"
Added Component: Designator=Q1(SOT-23-3_L2.9-W1.4-P1.90-LS2.5-BR)
Add component (AddParameter): Name = "Add into BOM"; Value = "yes"; VariantName = "[No Variations]"
Add component (AddParameter): Name = "Convert to PCB"; Value = "yes"; VariantName = "[No Variations]"
Add component (AddParameter): Name = "Current - Continuous Drain(Id)"; Value = "5A"; VariantName = "[No Variations]"
Add component (AddParameter): Name = "Datasheet"; Value = "https://item.szlcsc.com/datasheet/HL6042/30381010.html"; VariantName = "[No Variations]"
Add component (AddParameter): Name = "Device"; Value = "HL6042"; VariantName = "[No Variations]"
Add component (AddParameter): Name = "Drain to Source Voltage"; Value = "20V"; VariantName = "[No Variations]"
Add component (AddParameter): Name = "Gate Charge(Qg)"; Value = "11nC@4.5V"; VariantName = "[No Variations]"
Add component (AddParameter): Name = "Gate Threshold Voltage (Vgs(th))"; Value = "900mV@250uA"; VariantName = "[No Variations]"
Add component (AddParameter): Name = "Input Capacitance(Ciss)"; Value = "905pF"; VariantName = "[No Variations]"
Add component (AddParameter): Name = "JLCPCB Part Class"; Value = "Extended Part"; VariantName = "[No Variations]"
Add component (AddParameter): Name = "LCSC Part Name"; Value = "1个P沟道 耐压:20V 电流:5A"; VariantName = "[No Variations]"
Add component (AddParameter): Name = "Manufacturer"; Value = "R+O(宏嘉诚)"; VariantName = "[No Variations]"
Add component (AddParameter): Name = "Manufacturer Part"; Value = "HL6042"; VariantName = "[No Variations]"
Add component (AddParameter): Name = "Number"; Value = "1个P沟道"; VariantName = "[No Variations]"
Add component (AddParameter): Name = "Operating Temperature"; Value = "-55℃~+150℃"; VariantName = "[No Variations]"
Add component (AddParameter): Name = "Output Capacitance(Coss)"; Value = "150pF"; VariantName = "[No Variations]"
Add component (AddParameter): Name = "Pd - Power Dissipation"; Value = "1.5W"; VariantName = "[No Variations]"
Add component (AddParameter): Name = "RDS(on)"; Value = "43mΩ@4.5V"; VariantName = "[No Variations]"
Add component (AddParameter): Name = "Reverse Transfer Capacitance (Crss@Vds)"; Value = "115pF"; VariantName = "[No Variations]"
Add component (AddParameter): Name = "Supplier"; Value = "LCSC"; VariantName = "[No Variations]"
Add component (AddParameter): Name = "Supplier Footprint"; Value = "SOT-23"; VariantName = "[No Variations]"
Add component (AddParameter): Name = "Supplier Part"; Value = "C28646264"; VariantName = "[No Variations]"
Add component (AddParameter): Name = "Symbol"; Value = "HL6042"; VariantName = "[No Variations]"
Add component (AddParameter): Name = "Type"; Value = "P沟道"; VariantName = "[No Variations]"
Added Component: Designator=Q2(SOT-23-3_L2.9-W1.4-P1.90-LS2.5-BR)
Add component (AddParameter): Name = "Add into BOM"; Value = "yes"; VariantName = "[No Variations]"
Add component (AddParameter): Name = "Convert to PCB"; Value = "yes"; VariantName = "[No Variations]"
Add component (AddParameter): Name = "Current - Continuous Drain(Id)"; Value = "5A"; VariantName = "[No Variations]"
Add component (AddParameter): Name = "Datasheet"; Value = "https://item.szlcsc.com/datasheet/HL6042/30381010.html"; VariantName = "[No Variations]"
Add component (AddParameter): Name = "Device"; Value = "HL6042"; VariantName = "[No Variations]"
Add component (AddParameter): Name = "Drain to Source Voltage"; Value = "20V"; VariantName = "[No Variations]"
Add component (AddParameter): Name = "Gate Charge(Qg)"; Value = "11nC@4.5V"; VariantName = "[No Variations]"
Add component (AddParameter): Name = "Gate Threshold Voltage (Vgs(th))"; Value = "900mV@250uA"; VariantName = "[No Variations]"
Add component (AddParameter): Name = "Input Capacitance(Ciss)"; Value = "905pF"; VariantName = "[No Variations]"
Add component (AddParameter): Name = "JLCPCB Part Class"; Value = "Extended Part"; VariantName = "[No Variations]"
Add component (AddParameter): Name = "LCSC Part Name"; Value = "1个P沟道 耐压:20V 电流:5A"; VariantName = "[No Variations]"
Add component (AddParameter): Name = "Manufacturer"; Value = "R+O(宏嘉诚)"; VariantName = "[No Variations]"
Add component (AddParameter): Name = "Manufacturer Part"; Value = "HL6042"; VariantName = "[No Variations]"
Add component (AddParameter): Name = "Number"; Value = "1个P沟道"; VariantName = "[No Variations]"
Add component (AddParameter): Name = "Operating Temperature"; Value = "-55℃~+150℃"; VariantName = "[No Variations]"
Add component (AddParameter): Name = "Output Capacitance(Coss)"; Value = "150pF"; VariantName = "[No Variations]"
Add component (AddParameter): Name = "Pd - Power Dissipation"; Value = "1.5W"; VariantName = "[No Variations]"
Add component (AddParameter): Name = "RDS(on)"; Value = "43mΩ@4.5V"; VariantName = "[No Variations]"
Add component (AddParameter): Name = "Reverse Transfer Capacitance (Crss@Vds)"; Value = "115pF"; VariantName = "[No Variations]"
Add component (AddParameter): Name = "Supplier"; Value = "LCSC"; VariantName = "[No Variations]"
Add component (AddParameter): Name = "Supplier Footprint"; Value = "SOT-23"; VariantName = "[No Variations]"
Add component (AddParameter): Name = "Supplier Part"; Value = "C28646264"; VariantName = "[No Variations]"
Add component (AddParameter): Name = "Symbol"; Value = "HL6042"; VariantName = "[No Variations]"
Add component (AddParameter): Name = "Type"; Value = "P沟道"; VariantName = "[No Variations]"
Added Component: Designator=Q3(SOT-23-3_L2.9-W1.4-P1.90-LS2.5-BR)
Add component (AddParameter): Name = "Add into BOM"; Value = "yes"; VariantName = "[No Variations]"
Add component (AddParameter): Name = "Collector - Emitter Voltage VCEO"; Value = "40V"; VariantName = "[No Variations]"
Add component (AddParameter): Name = "Convert to PCB"; Value = "yes"; VariantName = "[No Variations]"
Add component (AddParameter): Name = "Current - Collector Cutoff"; Value = "100nA"; VariantName = "[No Variations]"
Add component (AddParameter): Name = "Current - Collector(Ic)"; Value = "200mA"; VariantName = "[No Variations]"
Add component (AddParameter): Name = "Datasheet"; Value = "https://item.szlcsc.com/datasheet/MMBT3904-E/43133593.html"; VariantName = "[No Variations]"
Add component (AddParameter): Name = "DC Current Gain"; Value = "300@10mA,1V"; VariantName = "[No Variations]"
Add component (AddParameter): Name = "Device"; Value = "MMBT3904-E"; VariantName = "[No Variations]"
Add component (AddParameter): Name = "Emitter-Base Voltage(Vebo)"; Value = "6V"; VariantName = "[No Variations]"
Add component (AddParameter): Name = "JLCPCB Part Class"; Value = "Extended Part"; VariantName = "[No Variations]"
Add component (AddParameter): Name = "LCSC Part Name"; Value = "NPN 电流:200mA 电压:40V"; VariantName = "[No Variations]"
Add component (AddParameter): Name = "Manufacturer"; Value = "MDD(辰达半导体)"; VariantName = "[No Variations]"
Add component (AddParameter): Name = "Manufacturer Part"; Value = "MMBT3904-E"; VariantName = "[No Variations]"
Add component (AddParameter): Name = "Number"; Value = "1个NPN"; VariantName = "[No Variations]"
Add component (AddParameter): Name = "Pd - Power Dissipation"; Value = "200mW"; VariantName = "[No Variations]"
Add component (AddParameter): Name = "Supplier"; Value = "LCSC"; VariantName = "[No Variations]"
Add component (AddParameter): Name = "Supplier Footprint"; Value = "SOT-23"; VariantName = "[No Variations]"
Add component (AddParameter): Name = "Supplier Part"; Value = "C41371422"; VariantName = "[No Variations]"
Add component (AddParameter): Name = "Symbol"; Value = "MMBT3904-E"; VariantName = "[No Variations]"
Add component (AddParameter): Name = "Transition frequency(fT)"; Value = "300MHz"; VariantName = "[No Variations]"
Add component (AddParameter): Name = "type"; Value = "NPN"; VariantName = "[No Variations]"
Add component (AddParameter): Name = "Vce Saturation(VCE(sat))"; Value = "500mV@50mA,5mA"; VariantName = "[No Variations]"
Added Component: Designator=Q4(SOT-23-3_L2.9-W1.4-P1.90-LS2.5-BR)
Add component (AddParameter): Name = "Add into BOM"; Value = "yes"; VariantName = "[No Variations]"
Add component (AddParameter): Name = "Collector - Emitter Voltage VCEO"; Value = "40V"; VariantName = "[No Variations]"
Add component (AddParameter): Name = "Convert to PCB"; Value = "yes"; VariantName = "[No Variations]"
Add component (AddParameter): Name = "Current - Collector Cutoff"; Value = "100nA"; VariantName = "[No Variations]"
Add component (AddParameter): Name = "Current - Collector(Ic)"; Value = "200mA"; VariantName = "[No Variations]"
Add component (AddParameter): Name = "Datasheet"; Value = "https://item.szlcsc.com/datasheet/MMBT3904-E/43133593.html"; VariantName = "[No Variations]"
Add component (AddParameter): Name = "DC Current Gain"; Value = "300@10mA,1V"; VariantName = "[No Variations]"
Add component (AddParameter): Name = "Device"; Value = "MMBT3904-E"; VariantName = "[No Variations]"
Add component (AddParameter): Name = "Emitter-Base Voltage(Vebo)"; Value = "6V"; VariantName = "[No Variations]"
Add component (AddParameter): Name = "JLCPCB Part Class"; Value = "Extended Part"; VariantName = "[No Variations]"
Add component (AddParameter): Name = "LCSC Part Name"; Value = "NPN 电流:200mA 电压:40V"; VariantName = "[No Variations]"
Add component (AddParameter): Name = "Manufacturer"; Value = "MDD(辰达半导体)"; VariantName = "[No Variations]"
Add component (AddParameter): Name = "Manufacturer Part"; Value = "MMBT3904-E"; VariantName = "[No Variations]"
Add component (AddParameter): Name = "Number"; Value = "1个NPN"; VariantName = "[No Variations]"
Add component (AddParameter): Name = "Pd - Power Dissipation"; Value = "200mW"; VariantName = "[No Variations]"
Add component (AddParameter): Name = "Supplier"; Value = "LCSC"; VariantName = "[No Variations]"
Add component (AddParameter): Name = "Supplier Footprint"; Value = "SOT-23"; VariantName = "[No Variations]"
Add component (AddParameter): Name = "Supplier Part"; Value = "C41371422"; VariantName = "[No Variations]"
Add component (AddParameter): Name = "Symbol"; Value = "MMBT3904-E"; VariantName = "[No Variations]"
Add component (AddParameter): Name = "Transition frequency(fT)"; Value = "300MHz"; VariantName = "[No Variations]"
Add component (AddParameter): Name = "type"; Value = "NPN"; VariantName = "[No Variations]"
Add component (AddParameter): Name = "Vce Saturation(VCE(sat))"; Value = "500mV@50mA,5mA"; VariantName = "[No Variations]"
Added Component: Designator=Q5(SOT-23-3_L2.9-W1.4-P1.90-LS2.5-BR)
Add component (AddParameter): Name = "Add into BOM"; Value = "yes"; VariantName = "[No Variations]"
Add component (AddParameter): Name = "Convert to PCB"; Value = "yes"; VariantName = "[No Variations]"
Add component (AddParameter): Name = "Current - Continuous Drain(Id)"; Value = "5A"; VariantName = "[No Variations]"
Add component (AddParameter): Name = "Datasheet"; Value = "https://item.szlcsc.com/datasheet/HL6042/30381010.html"; VariantName = "[No Variations]"
Add component (AddParameter): Name = "Device"; Value = "HL6042"; VariantName = "[No Variations]"
Add component (AddParameter): Name = "Drain to Source Voltage"; Value = "20V"; VariantName = "[No Variations]"
Add component (AddParameter): Name = "Gate Charge(Qg)"; Value = "11nC@4.5V"; VariantName = "[No Variations]"
Add component (AddParameter): Name = "Gate Threshold Voltage (Vgs(th))"; Value = "900mV@250uA"; VariantName = "[No Variations]"
Add component (AddParameter): Name = "Input Capacitance(Ciss)"; Value = "905pF"; VariantName = "[No Variations]"
Add component (AddParameter): Name = "JLCPCB Part Class"; Value = "Extended Part"; VariantName = "[No Variations]"
Add component (AddParameter): Name = "LCSC Part Name"; Value = "1个P沟道 耐压:20V 电流:5A"; VariantName = "[No Variations]"
Add component (AddParameter): Name = "Manufacturer"; Value = "R+O(宏嘉诚)"; VariantName = "[No Variations]"
Add component (AddParameter): Name = "Manufacturer Part"; Value = "HL6042"; VariantName = "[No Variations]"
Add component (AddParameter): Name = "Number"; Value = "1个P沟道"; VariantName = "[No Variations]"
Add component (AddParameter): Name = "Operating Temperature"; Value = "-55℃~+150℃"; VariantName = "[No Variations]"
Add component (AddParameter): Name = "Output Capacitance(Coss)"; Value = "150pF"; VariantName = "[No Variations]"
Add component (AddParameter): Name = "Pd - Power Dissipation"; Value = "1.5W"; VariantName = "[No Variations]"
Add component (AddParameter): Name = "RDS(on)"; Value = "43mΩ@4.5V"; VariantName = "[No Variations]"
Add component (AddParameter): Name = "Reverse Transfer Capacitance (Crss@Vds)"; Value = "115pF"; VariantName = "[No Variations]"
Add component (AddParameter): Name = "Supplier"; Value = "LCSC"; VariantName = "[No Variations]"
Add component (AddParameter): Name = "Supplier Footprint"; Value = "SOT-23"; VariantName = "[No Variations]"
Add component (AddParameter): Name = "Supplier Part"; Value = "C28646264"; VariantName = "[No Variations]"
Add component (AddParameter): Name = "Symbol"; Value = "HL6042"; VariantName = "[No Variations]"
Add component (AddParameter): Name = "Type"; Value = "P沟道"; VariantName = "[No Variations]"
Added Component: Designator=Q6(SOT-23-3_L2.9-W1.4-P1.90-LS2.5-BR)
Add component (AddParameter): Name = "Add into BOM"; Value = "yes"; VariantName = "[No Variations]"
Add component (AddParameter): Name = "Convert to PCB"; Value = "yes"; VariantName = "[No Variations]"
Add component (AddParameter): Name = "Current - Continuous Drain(Id)"; Value = "5A"; VariantName = "[No Variations]"
Add component (AddParameter): Name = "Datasheet"; Value = "https://item.szlcsc.com/datasheet/HL6042/30381010.html"; VariantName = "[No Variations]"
Add component (AddParameter): Name = "Device"; Value = "HL6042"; VariantName = "[No Variations]"
Add component (AddParameter): Name = "Drain to Source Voltage"; Value = "20V"; VariantName = "[No Variations]"
Add component (AddParameter): Name = "Gate Charge(Qg)"; Value = "11nC@4.5V"; VariantName = "[No Variations]"
Add component (AddParameter): Name = "Gate Threshold Voltage (Vgs(th))"; Value = "900mV@250uA"; VariantName = "[No Variations]"
Add component (AddParameter): Name = "Input Capacitance(Ciss)"; Value = "905pF"; VariantName = "[No Variations]"
Add component (AddParameter): Name = "JLCPCB Part Class"; Value = "Extended Part"; VariantName = "[No Variations]"
Add component (AddParameter): Name = "LCSC Part Name"; Value = "1个P沟道 耐压:20V 电流:5A"; VariantName = "[No Variations]"
Add component (AddParameter): Name = "Manufacturer"; Value = "R+O(宏嘉诚)"; VariantName = "[No Variations]"
Add component (AddParameter): Name = "Manufacturer Part"; Value = "HL6042"; VariantName = "[No Variations]"
Add component (AddParameter): Name = "Number"; Value = "1个P沟道"; VariantName = "[No Variations]"
Add component (AddParameter): Name = "Operating Temperature"; Value = "-55℃~+150℃"; VariantName = "[No Variations]"
Add component (AddParameter): Name = "Output Capacitance(Coss)"; Value = "150pF"; VariantName = "[No Variations]"
Add component (AddParameter): Name = "Pd - Power Dissipation"; Value = "1.5W"; VariantName = "[No Variations]"
Add component (AddParameter): Name = "RDS(on)"; Value = "43mΩ@4.5V"; VariantName = "[No Variations]"
Add component (AddParameter): Name = "Reverse Transfer Capacitance (Crss@Vds)"; Value = "115pF"; VariantName = "[No Variations]"
Add component (AddParameter): Name = "Supplier"; Value = "LCSC"; VariantName = "[No Variations]"
Add component (AddParameter): Name = "Supplier Footprint"; Value = "SOT-23"; VariantName = "[No Variations]"
Add component (AddParameter): Name = "Supplier Part"; Value = "C28646264"; VariantName = "[No Variations]"
Add component (AddParameter): Name = "Symbol"; Value = "HL6042"; VariantName = "[No Variations]"
Add component (AddParameter): Name = "Type"; Value = "P沟道"; VariantName = "[No Variations]"
Added Component: Designator=Q7(SOT-23-3_L2.9-W1.3-P1.90-LS2.4-BR)
Add component (AddParameter): Name = "Add into BOM"; Value = "yes"; VariantName = "[No Variations]"
Add component (AddParameter): Name = "Collector - Emitter Voltage VCEO"; Value = "40V"; VariantName = "[No Variations]"
Add component (AddParameter): Name = "Convert to PCB"; Value = "yes"; VariantName = "[No Variations]"
Add component (AddParameter): Name = "Current - Collector Cutoff"; Value = "100nA"; VariantName = "[No Variations]"
Add component (AddParameter): Name = "Current - Collector(Ic)"; Value = "200mA"; VariantName = "[No Variations]"
Add component (AddParameter): Name = "Datasheet"; Value = "https://item.szlcsc.com/datasheet/MMBT3906/338623.html"; VariantName = "[No Variations]"
Add component (AddParameter): Name = "DC Current Gain"; Value = "300@10mA,1V"; VariantName = "[No Variations]"
Add component (AddParameter): Name = "Device"; Value = "MMBT3906_C364311"; VariantName = "[No Variations]"
Add component (AddParameter): Name = "Emitter-Base Voltage(Vebo)"; Value = "5V"; VariantName = "[No Variations]"
Add component (AddParameter): Name = "JLCPCB Part Class"; Value = "Extended Part"; VariantName = "[No Variations]"
Add component (AddParameter): Name = "LCSC Part Name"; Value = "PNP 电流:200mA 电压:40V"; VariantName = "[No Variations]"
Add component (AddParameter): Name = "Manufacturer"; Value = "MDD(辰达半导体)"; VariantName = "[No Variations]"
Add component (AddParameter): Name = "Manufacturer Part"; Value = "MMBT3906"; VariantName = "[No Variations]"
Add component (AddParameter): Name = "Number"; Value = "1个PNP"; VariantName = "[No Variations]"
Add component (AddParameter): Name = "Operating Temperature"; Value = "-55℃~+150℃"; VariantName = "[No Variations]"
Add component (AddParameter): Name = "Pd - Power Dissipation"; Value = "200mW"; VariantName = "[No Variations]"
Add component (AddParameter): Name = "Supplier"; Value = "LCSC"; VariantName = "[No Variations]"
Add component (AddParameter): Name = "Supplier Footprint"; Value = "SOT-23"; VariantName = "[No Variations]"
Add component (AddParameter): Name = "Supplier Part"; Value = "C364311"; VariantName = "[No Variations]"
Add component (AddParameter): Name = "Symbol"; Value = "MMBT3906-2A"; VariantName = "[No Variations]"
Add component (AddParameter): Name = "Transition frequency(fT)"; Value = "300MHz"; VariantName = "[No Variations]"
Add component (AddParameter): Name = "type"; Value = "PNP"; VariantName = "[No Variations]"
Add component (AddParameter): Name = "Vce Saturation(VCE(sat))"; Value = "300mV@50mA,5mA"; VariantName = "[No Variations]"
Added Component: Designator=Q8(SOT-23-3_L2.9-W1.4-P1.90-LS2.5-BR)
Add component (AddParameter): Name = "Add into BOM"; Value = "yes"; VariantName = "[No Variations]"
Add component (AddParameter): Name = "Collector - Emitter Voltage VCEO"; Value = "40V"; VariantName = "[No Variations]"
Add component (AddParameter): Name = "Convert to PCB"; Value = "yes"; VariantName = "[No Variations]"
Add component (AddParameter): Name = "Current - Collector Cutoff"; Value = "100nA"; VariantName = "[No Variations]"
Add component (AddParameter): Name = "Current - Collector(Ic)"; Value = "200mA"; VariantName = "[No Variations]"
Add component (AddParameter): Name = "Datasheet"; Value = "https://item.szlcsc.com/datasheet/MMBT3904-E/43133593.html"; VariantName = "[No Variations]"
Add component (AddParameter): Name = "DC Current Gain"; Value = "300@10mA,1V"; VariantName = "[No Variations]"
Add component (AddParameter): Name = "Device"; Value = "MMBT3904-E"; VariantName = "[No Variations]"
Add component (AddParameter): Name = "Emitter-Base Voltage(Vebo)"; Value = "6V"; VariantName = "[No Variations]"
Add component (AddParameter): Name = "JLCPCB Part Class"; Value = "Extended Part"; VariantName = "[No Variations]"
Add component (AddParameter): Name = "LCSC Part Name"; Value = "NPN 电流:200mA 电压:40V"; VariantName = "[No Variations]"
Add component (AddParameter): Name = "Manufacturer"; Value = "MDD(辰达半导体)"; VariantName = "[No Variations]"
Add component (AddParameter): Name = "Manufacturer Part"; Value = "MMBT3904-E"; VariantName = "[No Variations]"
Add component (AddParameter): Name = "Number"; Value = "1个NPN"; VariantName = "[No Variations]"
Add component (AddParameter): Name = "Pd - Power Dissipation"; Value = "200mW"; VariantName = "[No Variations]"
Add component (AddParameter): Name = "Supplier"; Value = "LCSC"; VariantName = "[No Variations]"
Add component (AddParameter): Name = "Supplier Footprint"; Value = "SOT-23"; VariantName = "[No Variations]"
Add component (AddParameter): Name = "Supplier Part"; Value = "C41371422"; VariantName = "[No Variations]"
Add component (AddParameter): Name = "Symbol"; Value = "MMBT3904-E"; VariantName = "[No Variations]"
Add component (AddParameter): Name = "Transition frequency(fT)"; Value = "300MHz"; VariantName = "[No Variations]"
Add component (AddParameter): Name = "type"; Value = "NPN"; VariantName = "[No Variations]"
Add component (AddParameter): Name = "Vce Saturation(VCE(sat))"; Value = "500mV@50mA,5mA"; VariantName = "[No Variations]"
Added Component: Designator=R1(0402_R)
Add component (AddParameter): Name = "Add into BOM"; Value = "yes"; VariantName = "[No Variations]"
Add component (AddParameter): Name = "Convert to PCB"; Value = "yes"; VariantName = "[No Variations]"
Add component (AddParameter): Name = "Datasheet"; Value = "https://item.szlcsc.com/datasheet/0402WGF4702TCE/26535.html"; VariantName = "[No Variations]"
Add component (AddParameter): Name = "Device"; Value = "0402WGF4702TCE"; VariantName = "[No Variations]"
Add component (AddParameter): Name = "JLCPCB Part Class"; Value = "Basic Part"; VariantName = "[No Variations]"
Add component (AddParameter): Name = "LCSC Part Name"; Value = "47kΩ ±1% 62.5mW 厚膜电阻"; VariantName = "[No Variations]"
Add component (AddParameter): Name = "Manufacturer"; Value = "UNI-ROYAL(厚声)"; VariantName = "[No Variations]"
Add component (AddParameter): Name = "Manufacturer Part"; Value = "0402WGF4702TCE"; VariantName = "[No Variations]"
Add component (AddParameter): Name = "Operating Temperature"; Value = "-55℃~+155℃"; VariantName = "[No Variations]"
Add component (AddParameter): Name = "Power(Watts)"; Value = "62.5mW"; VariantName = "[No Variations]"
Add component (AddParameter): Name = "Supplier"; Value = "LCSC"; VariantName = "[No Variations]"
Add component (AddParameter): Name = "Supplier Footprint"; Value = "0402"; VariantName = "[No Variations]"
Add component (AddParameter): Name = "Supplier Part"; Value = "C25792"; VariantName = "[No Variations]"
Add component (AddParameter): Name = "Symbol"; Value = "0402WGF4702TCE"; VariantName = "[No Variations]"
Add component (AddParameter): Name = "Temperature Coefficient"; Value = "±100ppm/℃"; VariantName = "[No Variations]"
Add component (AddParameter): Name = "Tolerance"; Value = "±1%"; VariantName = "[No Variations]"
Add component (AddParameter): Name = "Type"; Value = "厚膜电阻"; VariantName = "[No Variations]"
Add component (AddParameter): Name = "Value"; Value = "47kΩ"; VariantName = "[No Variations]"
Add component (AddParameter): Name = "Voltage-Supply(Max)"; Value = "50V"; VariantName = "[No Variations]"
Added Component: Designator=R2(0402_R)
Add component (AddParameter): Name = "Add into BOM"; Value = "yes"; VariantName = "[No Variations]"
Add component (AddParameter): Name = "Convert to PCB"; Value = "yes"; VariantName = "[No Variations]"
Add component (AddParameter): Name = "Datasheet"; Value = "https://atta.szlcsc.com/upload/public/pdf/source/20200306/C422600_1E6D84923E4A46A82E41ADD87F860B5C.pdf"; VariantName = "[No Variations]"
Add component (AddParameter): Name = "Device"; Value = "0402WGF1002TCE"; VariantName = "[No Variations]"
Add component (AddParameter): Name = "JLCPCB Part Class"; Value = "Basic Part"; VariantName = "[No Variations]"
Add component (AddParameter): Name = "LCSC Part Name"; Value = "10kΩ ±1% 62.5mW"; VariantName = "[No Variations]"
Add component (AddParameter): Name = "Manufacturer"; Value = "UNI-ROYAL(厚声)"; VariantName = "[No Variations]"
Add component (AddParameter): Name = "Manufacturer Part"; Value = "0402WGF1002TCE"; VariantName = "[No Variations]"
Add component (AddParameter): Name = "Name"; Value = "10kΩ"; VariantName = "[No Variations]"
Add component (AddParameter): Name = "Operating Temperature Range"; Value = "-55℃~+155℃"; VariantName = "[No Variations]"
Add component (AddParameter): Name = "Overload Voltage (Max)"; Value = "50V"; VariantName = "[No Variations]"
Add component (AddParameter): Name = "Power(Watts)"; Value = "62.5mW"; VariantName = "[No Variations]"
Add component (AddParameter): Name = "Supplier"; Value = "LCSC"; VariantName = "[No Variations]"
Add component (AddParameter): Name = "Supplier Footprint"; Value = "0402"; VariantName = "[No Variations]"
Add component (AddParameter): Name = "Supplier Part"; Value = "C25744"; VariantName = "[No Variations]"
Add component (AddParameter): Name = "Symbol"; Value = "0402WGF1002TCE"; VariantName = "[No Variations]"
Add component (AddParameter): Name = "Temperature Coefficient"; Value = "±100ppm/℃"; VariantName = "[No Variations]"
Add component (AddParameter): Name = "Tolerance"; Value = "±1%"; VariantName = "[No Variations]"
Add component (AddParameter): Name = "Type"; Value = "厚膜电阻"; VariantName = "[No Variations]"
Add component (AddParameter): Name = "Value"; Value = "10kΩ"; VariantName = "[No Variations]"
Added Component: Designator=R3(0402_R)
Add component (AddParameter): Name = "Add into BOM"; Value = "yes"; VariantName = "[No Variations]"
Add component (AddParameter): Name = "Convert to PCB"; Value = "yes"; VariantName = "[No Variations]"
Add component (AddParameter): Name = "Datasheet"; Value = "https://atta.szlcsc.com/upload/public/pdf/source/20200306/C422600_1E6D84923E4A46A82E41ADD87F860B5C.pdf"; VariantName = "[No Variations]"
Add component (AddParameter): Name = "Device"; Value = "0402WGF1002TCE"; VariantName = "[No Variations]"
Add component (AddParameter): Name = "JLCPCB Part Class"; Value = "Basic Part"; VariantName = "[No Variations]"
Add component (AddParameter): Name = "LCSC Part Name"; Value = "10kΩ ±1% 62.5mW"; VariantName = "[No Variations]"
Add component (AddParameter): Name = "Manufacturer"; Value = "UNI-ROYAL(厚声)"; VariantName = "[No Variations]"
Add component (AddParameter): Name = "Manufacturer Part"; Value = "0402WGF1002TCE"; VariantName = "[No Variations]"
Add component (AddParameter): Name = "Name"; Value = "10kΩ"; VariantName = "[No Variations]"
Add component (AddParameter): Name = "Operating Temperature Range"; Value = "-55℃~+155℃"; VariantName = "[No Variations]"
Add component (AddParameter): Name = "Overload Voltage (Max)"; Value = "50V"; VariantName = "[No Variations]"
Add component (AddParameter): Name = "Power(Watts)"; Value = "62.5mW"; VariantName = "[No Variations]"
Add component (AddParameter): Name = "Supplier"; Value = "LCSC"; VariantName = "[No Variations]"
Add component (AddParameter): Name = "Supplier Footprint"; Value = "0402"; VariantName = "[No Variations]"
Add component (AddParameter): Name = "Supplier Part"; Value = "C25744"; VariantName = "[No Variations]"
Add component (AddParameter): Name = "Symbol"; Value = "0402WGF1002TCE"; VariantName = "[No Variations]"
Add component (AddParameter): Name = "Temperature Coefficient"; Value = "±100ppm/℃"; VariantName = "[No Variations]"
Add component (AddParameter): Name = "Tolerance"; Value = "±1%"; VariantName = "[No Variations]"
Add component (AddParameter): Name = "Type"; Value = "厚膜电阻"; VariantName = "[No Variations]"
Add component (AddParameter): Name = "Value"; Value = "10kΩ"; VariantName = "[No Variations]"
Added Component: Designator=R4(0603_R)
Add component (AddParameter): Name = "Add into BOM"; Value = "yes"; VariantName = "[No Variations]"
Add component (AddParameter): Name = "Convert to PCB"; Value = "yes"; VariantName = "[No Variations]"
Add component (AddParameter): Name = "Datasheet"; Value = "https://item.szlcsc.com/datasheet/0603WAF1201T5E/23492.html"; VariantName = "[No Variations]"
Add component (AddParameter): Name = "Device"; Value = "0603WAF1201T5E"; VariantName = "[No Variations]"
Add component (AddParameter): Name = "JLCPCB Part Class"; Value = "Basic Part"; VariantName = "[No Variations]"
Add component (AddParameter): Name = "LCSC Part Name"; Value = "1.2kΩ ±1% 100mW 厚膜电阻"; VariantName = "[No Variations]"
Add component (AddParameter): Name = "Manufacturer"; Value = "UNI-ROYAL(厚声)"; VariantName = "[No Variations]"
Add component (AddParameter): Name = "Manufacturer Part"; Value = "0603WAF1201T5E"; VariantName = "[No Variations]"
Add component (AddParameter): Name = "Operating Temperature"; Value = "-55℃~+155℃"; VariantName = "[No Variations]"
Add component (AddParameter): Name = "Power(Watts)"; Value = "100mW"; VariantName = "[No Variations]"
Add component (AddParameter): Name = "Supplier"; Value = "LCSC"; VariantName = "[No Variations]"
Add component (AddParameter): Name = "Supplier Footprint"; Value = "0603"; VariantName = "[No Variations]"
Add component (AddParameter): Name = "Supplier Part"; Value = "C22765"; VariantName = "[No Variations]"
Add component (AddParameter): Name = "Symbol"; Value = "0603WAF1201T5E"; VariantName = "[No Variations]"
Add component (AddParameter): Name = "Temperature Coefficient"; Value = "±100ppm/℃"; VariantName = "[No Variations]"
Add component (AddParameter): Name = "Tolerance"; Value = "±1%"; VariantName = "[No Variations]"
Add component (AddParameter): Name = "Type"; Value = "厚膜电阻"; VariantName = "[No Variations]"
Add component (AddParameter): Name = "Value"; Value = "1.2kΩ"; VariantName = "[No Variations]"
Add component (AddParameter): Name = "Voltage-Supply(Max)"; Value = "75V"; VariantName = "[No Variations]"
Added Component: Designator=R5(0402_R)
Add component (AddParameter): Name = "Add into BOM"; Value = "yes"; VariantName = "[No Variations]"
Add component (AddParameter): Name = "Convert to PCB"; Value = "yes"; VariantName = "[No Variations]"
Add component (AddParameter): Name = "Datasheet"; Value = "https://item.szlcsc.com/datasheet/0402WGF1001TCE/12256.html"; VariantName = "[No Variations]"
Add component (AddParameter): Name = "Device"; Value = "0402WGF1001TCE"; VariantName = "[No Variations]"
Add component (AddParameter): Name = "JLCPCB Part Class"; Value = "Basic Part"; VariantName = "[No Variations]"
Add component (AddParameter): Name = "LCSC Part Name"; Value = "1kΩ ±1% 62.5mW 厚膜电阻"; VariantName = "[No Variations]"
Add component (AddParameter): Name = "Manufacturer"; Value = "UNI-ROYAL(厚声)"; VariantName = "[No Variations]"
Add component (AddParameter): Name = "Manufacturer Part"; Value = "0402WGF1001TCE"; VariantName = "[No Variations]"
Add component (AddParameter): Name = "Operating Temperature"; Value = "-55℃~+155℃"; VariantName = "[No Variations]"
Add component (AddParameter): Name = "Power(Watts)"; Value = "62.5mW"; VariantName = "[No Variations]"
Add component (AddParameter): Name = "Supplier"; Value = "LCSC"; VariantName = "[No Variations]"
Add component (AddParameter): Name = "Supplier Footprint"; Value = "0402"; VariantName = "[No Variations]"
Add component (AddParameter): Name = "Supplier Part"; Value = "C11702"; VariantName = "[No Variations]"
Add component (AddParameter): Name = "Symbol"; Value = "0402WGF1001TCE"; VariantName = "[No Variations]"
Add component (AddParameter): Name = "Temperature Coefficient"; Value = "±100ppm/℃"; VariantName = "[No Variations]"
Add component (AddParameter): Name = "Tolerance"; Value = "±1%"; VariantName = "[No Variations]"
Add component (AddParameter): Name = "Type"; Value = "厚膜电阻"; VariantName = "[No Variations]"
Add component (AddParameter): Name = "Value"; Value = "1kΩ"; VariantName = "[No Variations]"
Add component (AddParameter): Name = "Voltage-Supply(Max)"; Value = "50V"; VariantName = "[No Variations]"
Added Component: Designator=R6(0603_R)
Add component (AddParameter): Name = "Add into BOM"; Value = "yes"; VariantName = "[No Variations]"
Add component (AddParameter): Name = "Convert to PCB"; Value = "yes"; VariantName = "[No Variations]"
Add component (AddParameter): Name = "Datasheet"; Value = "https://item.szlcsc.com/datasheet/0603WAF5100T5E/23920.html"; VariantName = "[No Variations]"
Add component (AddParameter): Name = "Device"; Value = "0603WAF5100T5E"; VariantName = "[No Variations]"
Add component (AddParameter): Name = "JLCPCB Part Class"; Value = "Basic Part"; VariantName = "[No Variations]"
Add component (AddParameter): Name = "LCSC Part Name"; Value = "510Ω ±1% 100mW 厚膜电阻"; VariantName = "[No Variations]"
Add component (AddParameter): Name = "Manufacturer"; Value = "UNI-ROYAL(厚声)"; VariantName = "[No Variations]"
Add component (AddParameter): Name = "Manufacturer Part"; Value = "0603WAF5100T5E"; VariantName = "[No Variations]"
Add component (AddParameter): Name = "Operating Temperature"; Value = "-55℃~+155℃"; VariantName = "[No Variations]"
Add component (AddParameter): Name = "Power(Watts)"; Value = "100mW"; VariantName = "[No Variations]"
Add component (AddParameter): Name = "Supplier"; Value = "LCSC"; VariantName = "[No Variations]"
Add component (AddParameter): Name = "Supplier Footprint"; Value = "0603"; VariantName = "[No Variations]"
Add component (AddParameter): Name = "Supplier Part"; Value = "C23193"; VariantName = "[No Variations]"
Add component (AddParameter): Name = "Symbol"; Value = "0603WAF5100T5E"; VariantName = "[No Variations]"
Add component (AddParameter): Name = "Temperature Coefficient"; Value = "±100ppm/℃"; VariantName = "[No Variations]"
Add component (AddParameter): Name = "Tolerance"; Value = "±1%"; VariantName = "[No Variations]"
Add component (AddParameter): Name = "Type"; Value = "厚膜电阻"; VariantName = "[No Variations]"
Add component (AddParameter): Name = "Value"; Value = "510Ω"; VariantName = "[No Variations]"
Add component (AddParameter): Name = "Voltage-Supply(Max)"; Value = "75V"; VariantName = "[No Variations]"
Added Component: Designator=R7(0603_R)
Add component (AddParameter): Name = "Add into BOM"; Value = "yes"; VariantName = "[No Variations]"
Add component (AddParameter): Name = "Convert to PCB"; Value = "yes"; VariantName = "[No Variations]"
Add component (AddParameter): Name = "Datasheet"; Value = "https://item.szlcsc.com/datasheet/0603WAF499JT5E/23912.html"; VariantName = "[No Variations]"
Add component (AddParameter): Name = "Device"; Value = "0603WAF499JT5E"; VariantName = "[No Variations]"
Add component (AddParameter): Name = "JLCPCB Part Class"; Value = "Basic Part"; VariantName = "[No Variations]"
Add component (AddParameter): Name = "LCSC Part Name"; Value = "49.9Ω ±1% 100mW 厚膜电阻"; VariantName = "[No Variations]"
Add component (AddParameter): Name = "Manufacturer"; Value = "UNI-ROYAL(厚声)"; VariantName = "[No Variations]"
Add component (AddParameter): Name = "Manufacturer Part"; Value = "0603WAF499JT5E"; VariantName = "[No Variations]"
Add component (AddParameter): Name = "Operating Temperature"; Value = "-55℃~+155℃"; VariantName = "[No Variations]"
Add component (AddParameter): Name = "Power(Watts)"; Value = "100mW"; VariantName = "[No Variations]"
Add component (AddParameter): Name = "Supplier"; Value = "LCSC"; VariantName = "[No Variations]"
Add component (AddParameter): Name = "Supplier Footprint"; Value = "0603"; VariantName = "[No Variations]"
Add component (AddParameter): Name = "Supplier Part"; Value = "C23185"; VariantName = "[No Variations]"
Add component (AddParameter): Name = "Symbol"; Value = "0603WAF499JT5E"; VariantName = "[No Variations]"
Add component (AddParameter): Name = "Temperature Coefficient"; Value = "±100ppm/℃"; VariantName = "[No Variations]"
Add component (AddParameter): Name = "Tolerance"; Value = "±1%"; VariantName = "[No Variations]"
Add component (AddParameter): Name = "Type"; Value = "厚膜电阻"; VariantName = "[No Variations]"
Add component (AddParameter): Name = "Value"; Value = "49.9Ω"; VariantName = "[No Variations]"
Add component (AddParameter): Name = "Voltage-Supply(Max)"; Value = "75V"; VariantName = "[No Variations]"
Added Component: Designator=R8(0402_R)
Add component (AddParameter): Name = "Add into BOM"; Value = "yes"; VariantName = "[No Variations]"
Add component (AddParameter): Name = "Convert to PCB"; Value = "yes"; VariantName = "[No Variations]"
Add component (AddParameter): Name = "Datasheet"; Value = "https://item.szlcsc.com/datasheet/0402WGF1001TCE/12256.html"; VariantName = "[No Variations]"
Add component (AddParameter): Name = "Device"; Value = "0402WGF1001TCE"; VariantName = "[No Variations]"
Add component (AddParameter): Name = "JLCPCB Part Class"; Value = "Basic Part"; VariantName = "[No Variations]"
Add component (AddParameter): Name = "LCSC Part Name"; Value = "1kΩ ±1% 62.5mW 厚膜电阻"; VariantName = "[No Variations]"
Add component (AddParameter): Name = "Manufacturer"; Value = "UNI-ROYAL(厚声)"; VariantName = "[No Variations]"
Add component (AddParameter): Name = "Manufacturer Part"; Value = "0402WGF1001TCE"; VariantName = "[No Variations]"
Add component (AddParameter): Name = "Operating Temperature"; Value = "-55℃~+155℃"; VariantName = "[No Variations]"
Add component (AddParameter): Name = "Power(Watts)"; Value = "62.5mW"; VariantName = "[No Variations]"
Add component (AddParameter): Name = "Supplier"; Value = "LCSC"; VariantName = "[No Variations]"
Add component (AddParameter): Name = "Supplier Footprint"; Value = "0402"; VariantName = "[No Variations]"
Add component (AddParameter): Name = "Supplier Part"; Value = "C11702"; VariantName = "[No Variations]"
Add component (AddParameter): Name = "Symbol"; Value = "0402WGF1001TCE"; VariantName = "[No Variations]"
Add component (AddParameter): Name = "Temperature Coefficient"; Value = "±100ppm/℃"; VariantName = "[No Variations]"
Add component (AddParameter): Name = "Tolerance"; Value = "±1%"; VariantName = "[No Variations]"
Add component (AddParameter): Name = "Type"; Value = "厚膜电阻"; VariantName = "[No Variations]"
Add component (AddParameter): Name = "Value"; Value = "1kΩ"; VariantName = "[No Variations]"
Add component (AddParameter): Name = "Voltage-Supply(Max)"; Value = "50V"; VariantName = "[No Variations]"
Added Component: Designator=R9(0603_R)
Add component (AddParameter): Name = "Add into BOM"; Value = "yes"; VariantName = "[No Variations]"
Add component (AddParameter): Name = "Convert to PCB"; Value = "yes"; VariantName = "[No Variations]"
Add component (AddParameter): Name = "Datasheet"; Value = "https://item.szlcsc.com/datasheet/0603WAF499JT5E/23912.html"; VariantName = "[No Variations]"
Add component (AddParameter): Name = "Device"; Value = "0603WAF499JT5E"; VariantName = "[No Variations]"
Add component (AddParameter): Name = "JLCPCB Part Class"; Value = "Basic Part"; VariantName = "[No Variations]"
Add component (AddParameter): Name = "LCSC Part Name"; Value = "49.9Ω ±1% 100mW 厚膜电阻"; VariantName = "[No Variations]"
Add component (AddParameter): Name = "Manufacturer"; Value = "UNI-ROYAL(厚声)"; VariantName = "[No Variations]"
Add component (AddParameter): Name = "Manufacturer Part"; Value = "0603WAF499JT5E"; VariantName = "[No Variations]"
Add component (AddParameter): Name = "Operating Temperature"; Value = "-55℃~+155℃"; VariantName = "[No Variations]"
Add component (AddParameter): Name = "Power(Watts)"; Value = "100mW"; VariantName = "[No Variations]"
Add component (AddParameter): Name = "Supplier"; Value = "LCSC"; VariantName = "[No Variations]"
Add component (AddParameter): Name = "Supplier Footprint"; Value = "0603"; VariantName = "[No Variations]"
Add component (AddParameter): Name = "Supplier Part"; Value = "C23185"; VariantName = "[No Variations]"
Add component (AddParameter): Name = "Symbol"; Value = "0603WAF499JT5E"; VariantName = "[No Variations]"
Add component (AddParameter): Name = "Temperature Coefficient"; Value = "±100ppm/℃"; VariantName = "[No Variations]"
Add component (AddParameter): Name = "Tolerance"; Value = "±1%"; VariantName = "[No Variations]"
Add component (AddParameter): Name = "Type"; Value = "厚膜电阻"; VariantName = "[No Variations]"
Add component (AddParameter): Name = "Value"; Value = "49.9Ω"; VariantName = "[No Variations]"
Add component (AddParameter): Name = "Voltage-Supply(Max)"; Value = "75V"; VariantName = "[No Variations]"
Added Component: Designator=R10(0402_R)
Added Component: Designator=R11(0402_R)
Add component (AddParameter): Name = "Add into BOM"; Value = "yes"; VariantName = "[No Variations]"
Add component (AddParameter): Name = "Convert to PCB"; Value = "yes"; VariantName = "[No Variations]"
Add component (AddParameter): Name = "Datasheet"; Value = "https://atta.szlcsc.com/upload/public/pdf/source/20200306/C422600_1E6D84923E4A46A82E41ADD87F860B5C.pdf"; VariantName = "[No Variations]"
Add component (AddParameter): Name = "Device"; Value = "0402WGF1002TCE"; VariantName = "[No Variations]"
Add component (AddParameter): Name = "JLCPCB Part Class"; Value = "Basic Part"; VariantName = "[No Variations]"
Add component (AddParameter): Name = "LCSC Part Name"; Value = "10kΩ ±1% 62.5mW"; VariantName = "[No Variations]"
Add component (AddParameter): Name = "Manufacturer"; Value = "UNI-ROYAL(厚声)"; VariantName = "[No Variations]"
Add component (AddParameter): Name = "Manufacturer Part"; Value = "0402WGF1002TCE"; VariantName = "[No Variations]"
Add component (AddParameter): Name = "Name"; Value = "10kΩ"; VariantName = "[No Variations]"
Add component (AddParameter): Name = "Operating Temperature Range"; Value = "-55℃~+155℃"; VariantName = "[No Variations]"
Add component (AddParameter): Name = "Overload Voltage (Max)"; Value = "50V"; VariantName = "[No Variations]"
Add component (AddParameter): Name = "Power(Watts)"; Value = "62.5mW"; VariantName = "[No Variations]"
Add component (AddParameter): Name = "Supplier"; Value = "LCSC"; VariantName = "[No Variations]"
Add component (AddParameter): Name = "Supplier Footprint"; Value = "0402"; VariantName = "[No Variations]"
Add component (AddParameter): Name = "Supplier Part"; Value = "C25744"; VariantName = "[No Variations]"
Add component (AddParameter): Name = "Symbol"; Value = "0402WGF1002TCE"; VariantName = "[No Variations]"
Add component (AddParameter): Name = "Temperature Coefficient"; Value = "±100ppm/℃"; VariantName = "[No Variations]"
Add component (AddParameter): Name = "Tolerance"; Value = "±1%"; VariantName = "[No Variations]"
Add component (AddParameter): Name = "Type"; Value = "厚膜电阻"; VariantName = "[No Variations]"
Add component (AddParameter): Name = "Value"; Value = "10kΩ"; VariantName = "[No Variations]"
Added Component: Designator=R12(0402_R)
Add component (AddParameter): Name = "Add into BOM"; Value = "yes"; VariantName = "[No Variations]"
Add component (AddParameter): Name = "Convert to PCB"; Value = "yes"; VariantName = "[No Variations]"
Add component (AddParameter): Name = "Datasheet"; Value = "https://atta.szlcsc.com/upload/public/pdf/source/20200306/C422600_1E6D84923E4A46A82E41ADD87F860B5C.pdf"; VariantName = "[No Variations]"
Add component (AddParameter): Name = "Device"; Value = "0402WGF1002TCE"; VariantName = "[No Variations]"
Add component (AddParameter): Name = "JLCPCB Part Class"; Value = "Basic Part"; VariantName = "[No Variations]"
Add component (AddParameter): Name = "LCSC Part Name"; Value = "10kΩ ±1% 62.5mW"; VariantName = "[No Variations]"
Add component (AddParameter): Name = "Manufacturer"; Value = "UNI-ROYAL(厚声)"; VariantName = "[No Variations]"
Add component (AddParameter): Name = "Manufacturer Part"; Value = "0402WGF1002TCE"; VariantName = "[No Variations]"
Add component (AddParameter): Name = "Name"; Value = "10kΩ"; VariantName = "[No Variations]"
Add component (AddParameter): Name = "Operating Temperature Range"; Value = "-55℃~+155℃"; VariantName = "[No Variations]"
Add component (AddParameter): Name = "Overload Voltage (Max)"; Value = "50V"; VariantName = "[No Variations]"
Add component (AddParameter): Name = "Power(Watts)"; Value = "62.5mW"; VariantName = "[No Variations]"
Add component (AddParameter): Name = "Supplier"; Value = "LCSC"; VariantName = "[No Variations]"
Add component (AddParameter): Name = "Supplier Footprint"; Value = "0402"; VariantName = "[No Variations]"
Add component (AddParameter): Name = "Supplier Part"; Value = "C25744"; VariantName = "[No Variations]"
Add component (AddParameter): Name = "Symbol"; Value = "0402WGF1002TCE"; VariantName = "[No Variations]"
Add component (AddParameter): Name = "Temperature Coefficient"; Value = "±100ppm/℃"; VariantName = "[No Variations]"
Add component (AddParameter): Name = "Tolerance"; Value = "±1%"; VariantName = "[No Variations]"
Add component (AddParameter): Name = "Type"; Value = "厚膜电阻"; VariantName = "[No Variations]"
Add component (AddParameter): Name = "Value"; Value = "10kΩ"; VariantName = "[No Variations]"
Added Component: Designator=R13(0402_R)
Added Component: Designator=R14(0603_R)
Add component (AddParameter): Name = "Add into BOM"; Value = "yes"; VariantName = "[No Variations]"
Add component (AddParameter): Name = "Convert to PCB"; Value = "yes"; VariantName = "[No Variations]"
Add component (AddParameter): Name = "Datasheet"; Value = "https://item.szlcsc.com/datasheet/0603WAF499JT5E/23912.html"; VariantName = "[No Variations]"
Add component (AddParameter): Name = "Device"; Value = "0603WAF499JT5E"; VariantName = "[No Variations]"
Add component (AddParameter): Name = "JLCPCB Part Class"; Value = "Basic Part"; VariantName = "[No Variations]"
Add component (AddParameter): Name = "LCSC Part Name"; Value = "49.9Ω ±1% 100mW 厚膜电阻"; VariantName = "[No Variations]"
Add component (AddParameter): Name = "Manufacturer"; Value = "UNI-ROYAL(厚声)"; VariantName = "[No Variations]"
Add component (AddParameter): Name = "Manufacturer Part"; Value = "0603WAF499JT5E"; VariantName = "[No Variations]"
Add component (AddParameter): Name = "Operating Temperature"; Value = "-55℃~+155℃"; VariantName = "[No Variations]"
Add component (AddParameter): Name = "Power(Watts)"; Value = "100mW"; VariantName = "[No Variations]"
Add component (AddParameter): Name = "Supplier"; Value = "LCSC"; VariantName = "[No Variations]"
Add component (AddParameter): Name = "Supplier Footprint"; Value = "0603"; VariantName = "[No Variations]"
Add component (AddParameter): Name = "Supplier Part"; Value = "C23185"; VariantName = "[No Variations]"
Add component (AddParameter): Name = "Symbol"; Value = "0603WAF499JT5E"; VariantName = "[No Variations]"
Add component (AddParameter): Name = "Temperature Coefficient"; Value = "±100ppm/℃"; VariantName = "[No Variations]"
Add component (AddParameter): Name = "Tolerance"; Value = "±1%"; VariantName = "[No Variations]"
Add component (AddParameter): Name = "Type"; Value = "厚膜电阻"; VariantName = "[No Variations]"
Add component (AddParameter): Name = "Value"; Value = "49.9Ω"; VariantName = "[No Variations]"
Add component (AddParameter): Name = "Voltage-Supply(Max)"; Value = "75V"; VariantName = "[No Variations]"
Added Component: Designator=R15(0402_R)
Add component (AddParameter): Name = "Add into BOM"; Value = "yes"; VariantName = "[No Variations]"
Add component (AddParameter): Name = "Convert to PCB"; Value = "yes"; VariantName = "[No Variations]"
Add component (AddParameter): Name = "Datasheet"; Value = "https://atta.szlcsc.com/upload/public/pdf/source/20200306/C422600_1E6D84923E4A46A82E41ADD87F860B5C.pdf"; VariantName = "[No Variations]"
Add component (AddParameter): Name = "Device"; Value = "0402WGF1002TCE"; VariantName = "[No Variations]"
Add component (AddParameter): Name = "JLCPCB Part Class"; Value = "Basic Part"; VariantName = "[No Variations]"
Add component (AddParameter): Name = "LCSC Part Name"; Value = "10kΩ ±1% 62.5mW"; VariantName = "[No Variations]"
Add component (AddParameter): Name = "Manufacturer"; Value = "UNI-ROYAL(厚声)"; VariantName = "[No Variations]"
Add component (AddParameter): Name = "Manufacturer Part"; Value = "0402WGF1002TCE"; VariantName = "[No Variations]"
Add component (AddParameter): Name = "Name"; Value = "10kΩ"; VariantName = "[No Variations]"
Add component (AddParameter): Name = "Operating Temperature Range"; Value = "-55℃~+155℃"; VariantName = "[No Variations]"
Add component (AddParameter): Name = "Overload Voltage (Max)"; Value = "50V"; VariantName = "[No Variations]"
Add component (AddParameter): Name = "Power(Watts)"; Value = "62.5mW"; VariantName = "[No Variations]"
Add component (AddParameter): Name = "Supplier"; Value = "LCSC"; VariantName = "[No Variations]"
Add component (AddParameter): Name = "Supplier Footprint"; Value = "0402"; VariantName = "[No Variations]"
Add component (AddParameter): Name = "Supplier Part"; Value = "C25744"; VariantName = "[No Variations]"
Add component (AddParameter): Name = "Symbol"; Value = "0402WGF1002TCE"; VariantName = "[No Variations]"
Add component (AddParameter): Name = "Temperature Coefficient"; Value = "±100ppm/℃"; VariantName = "[No Variations]"
Add component (AddParameter): Name = "Tolerance"; Value = "±1%"; VariantName = "[No Variations]"
Add component (AddParameter): Name = "Type"; Value = "厚膜电阻"; VariantName = "[No Variations]"
Add component (AddParameter): Name = "Value"; Value = "10kΩ"; VariantName = "[No Variations]"
Added Component: Designator=R16(0402_R)
Add component (AddParameter): Name = "Add into BOM"; Value = "yes"; VariantName = "[No Variations]"
Add component (AddParameter): Name = "Convert to PCB"; Value = "yes"; VariantName = "[No Variations]"
Add component (AddParameter): Name = "Datasheet"; Value = "https://atta.szlcsc.com/upload/public/pdf/source/20200306/C422600_1E6D84923E4A46A82E41ADD87F860B5C.pdf"; VariantName = "[No Variations]"
Add component (AddParameter): Name = "Device"; Value = "0402WGF1002TCE"; VariantName = "[No Variations]"
Add component (AddParameter): Name = "JLCPCB Part Class"; Value = "Basic Part"; VariantName = "[No Variations]"
Add component (AddParameter): Name = "LCSC Part Name"; Value = "10kΩ ±1% 62.5mW"; VariantName = "[No Variations]"
Add component (AddParameter): Name = "Manufacturer"; Value = "UNI-ROYAL(厚声)"; VariantName = "[No Variations]"
Add component (AddParameter): Name = "Manufacturer Part"; Value = "0402WGF1002TCE"; VariantName = "[No Variations]"
Add component (AddParameter): Name = "Name"; Value = "10kΩ"; VariantName = "[No Variations]"
Add component (AddParameter): Name = "Operating Temperature Range"; Value = "-55℃~+155℃"; VariantName = "[No Variations]"
Add component (AddParameter): Name = "Overload Voltage (Max)"; Value = "50V"; VariantName = "[No Variations]"
Add component (AddParameter): Name = "Power(Watts)"; Value = "62.5mW"; VariantName = "[No Variations]"
Add component (AddParameter): Name = "Supplier"; Value = "LCSC"; VariantName = "[No Variations]"
Add component (AddParameter): Name = "Supplier Footprint"; Value = "0402"; VariantName = "[No Variations]"
Add component (AddParameter): Name = "Supplier Part"; Value = "C25744"; VariantName = "[No Variations]"
Add component (AddParameter): Name = "Symbol"; Value = "0402WGF1002TCE"; VariantName = "[No Variations]"
Add component (AddParameter): Name = "Temperature Coefficient"; Value = "±100ppm/℃"; VariantName = "[No Variations]"
Add component (AddParameter): Name = "Tolerance"; Value = "±1%"; VariantName = "[No Variations]"
Add component (AddParameter): Name = "Type"; Value = "厚膜电阻"; VariantName = "[No Variations]"
Add component (AddParameter): Name = "Value"; Value = "10kΩ"; VariantName = "[No Variations]"
Added Component: Designator=R17(0603_R)
Add component (AddParameter): Name = "Add into BOM"; Value = "yes"; VariantName = "[No Variations]"
Add component (AddParameter): Name = "Convert to PCB"; Value = "yes"; VariantName = "[No Variations]"
Add component (AddParameter): Name = "Datasheet"; Value = "https://item.szlcsc.com/datasheet/0603WAF499JT5E/23912.html"; VariantName = "[No Variations]"
Add component (AddParameter): Name = "Device"; Value = "0603WAF499JT5E"; VariantName = "[No Variations]"
Add component (AddParameter): Name = "JLCPCB Part Class"; Value = "Basic Part"; VariantName = "[No Variations]"
Add component (AddParameter): Name = "LCSC Part Name"; Value = "49.9Ω ±1% 100mW 厚膜电阻"; VariantName = "[No Variations]"
Add component (AddParameter): Name = "Manufacturer"; Value = "UNI-ROYAL(厚声)"; VariantName = "[No Variations]"
Add component (AddParameter): Name = "Manufacturer Part"; Value = "0603WAF499JT5E"; VariantName = "[No Variations]"
Add component (AddParameter): Name = "Operating Temperature"; Value = "-55℃~+155℃"; VariantName = "[No Variations]"
Add component (AddParameter): Name = "Power(Watts)"; Value = "100mW"; VariantName = "[No Variations]"
Add component (AddParameter): Name = "Supplier"; Value = "LCSC"; VariantName = "[No Variations]"
Add component (AddParameter): Name = "Supplier Footprint"; Value = "0603"; VariantName = "[No Variations]"
Add component (AddParameter): Name = "Supplier Part"; Value = "C23185"; VariantName = "[No Variations]"
Add component (AddParameter): Name = "Symbol"; Value = "0603WAF499JT5E"; VariantName = "[No Variations]"
Add component (AddParameter): Name = "Temperature Coefficient"; Value = "±100ppm/℃"; VariantName = "[No Variations]"
Add component (AddParameter): Name = "Tolerance"; Value = "±1%"; VariantName = "[No Variations]"
Add component (AddParameter): Name = "Type"; Value = "厚膜电阻"; VariantName = "[No Variations]"
Add component (AddParameter): Name = "Value"; Value = "49.9Ω"; VariantName = "[No Variations]"
Add component (AddParameter): Name = "Voltage-Supply(Max)"; Value = "75V"; VariantName = "[No Variations]"
Added Component: Designator=R18(1206_R)
Add component (AddParameter): Name = "Add into BOM"; Value = "yes"; VariantName = "[No Variations]"
Add component (AddParameter): Name = "Convert to PCB"; Value = "yes"; VariantName = "[No Variations]"
Add component (AddParameter): Name = "Datasheet"; Value = "https://atta.szlcsc.com/upload/public/pdf/source/20200306/C422600_1E6D84923E4A46A82E41ADD87F860B5C.pdf"; VariantName = "[No Variations]"
Add component (AddParameter): Name = "Device"; Value = "0402WGF1002TCE"; VariantName = "[No Variations]"
Add component (AddParameter): Name = "JLCPCB Part Class"; Value = "Basic Part"; VariantName = "[No Variations]"
Add component (AddParameter): Name = "LCSC Part Name"; Value = "10kΩ ±1% 62.5mW"; VariantName = "[No Variations]"
Add component (AddParameter): Name = "Manufacturer"; Value = "UNI-ROYAL(厚声)"; VariantName = "[No Variations]"
Add component (AddParameter): Name = "Manufacturer Part"; Value = "0402WGF1002TCE"; VariantName = "[No Variations]"
Add component (AddParameter): Name = "Name"; Value = "10kΩ"; VariantName = "[No Variations]"
Add component (AddParameter): Name = "Operating Temperature Range"; Value = "-55℃~+155℃"; VariantName = "[No Variations]"
Add component (AddParameter): Name = "Overload Voltage (Max)"; Value = "50V"; VariantName = "[No Variations]"
Add component (AddParameter): Name = "Power(Watts)"; Value = "62.5mW"; VariantName = "[No Variations]"
Add component (AddParameter): Name = "Supplier"; Value = "LCSC"; VariantName = "[No Variations]"
Add component (AddParameter): Name = "Supplier Footprint"; Value = "0402"; VariantName = "[No Variations]"
Add component (AddParameter): Name = "Supplier Part"; Value = "C25744"; VariantName = "[No Variations]"
Add component (AddParameter): Name = "Symbol"; Value = "0402WGF1002TCE"; VariantName = "[No Variations]"
Add component (AddParameter): Name = "Temperature Coefficient"; Value = "±100ppm/℃"; VariantName = "[No Variations]"
Add component (AddParameter): Name = "Tolerance"; Value = "±1%"; VariantName = "[No Variations]"
Add component (AddParameter): Name = "Type"; Value = "厚膜电阻"; VariantName = "[No Variations]"
Add component (AddParameter): Name = "Value"; Value = "10kΩ"; VariantName = "[No Variations]"
Added Component: Designator=R19(0402_R)
Add component (AddParameter): Name = "Add into BOM"; Value = "yes"; VariantName = "[No Variations]"
Add component (AddParameter): Name = "Convert to PCB"; Value = "yes"; VariantName = "[No Variations]"
Add component (AddParameter): Name = "Datasheet"; Value = "https://atta.szlcsc.com/upload/public/pdf/source/20200306/C422600_1E6D84923E4A46A82E41ADD87F860B5C.pdf"; VariantName = "[No Variations]"
Add component (AddParameter): Name = "Device"; Value = "0402WGF1002TCE"; VariantName = "[No Variations]"
Add component (AddParameter): Name = "JLCPCB Part Class"; Value = "Basic Part"; VariantName = "[No Variations]"
Add component (AddParameter): Name = "LCSC Part Name"; Value = "10kΩ ±1% 62.5mW"; VariantName = "[No Variations]"
Add component (AddParameter): Name = "Manufacturer"; Value = "UNI-ROYAL(厚声)"; VariantName = "[No Variations]"
Add component (AddParameter): Name = "Manufacturer Part"; Value = "0402WGF1002TCE"; VariantName = "[No Variations]"
Add component (AddParameter): Name = "Name"; Value = "10kΩ"; VariantName = "[No Variations]"
Add component (AddParameter): Name = "Operating Temperature Range"; Value = "-55℃~+155℃"; VariantName = "[No Variations]"
Add component (AddParameter): Name = "Overload Voltage (Max)"; Value = "50V"; VariantName = "[No Variations]"
Add component (AddParameter): Name = "Power(Watts)"; Value = "62.5mW"; VariantName = "[No Variations]"
Add component (AddParameter): Name = "Supplier"; Value = "LCSC"; VariantName = "[No Variations]"
Add component (AddParameter): Name = "Supplier Footprint"; Value = "0402"; VariantName = "[No Variations]"
Add component (AddParameter): Name = "Supplier Part"; Value = "C25744"; VariantName = "[No Variations]"
Add component (AddParameter): Name = "Symbol"; Value = "0402WGF1002TCE"; VariantName = "[No Variations]"
Add component (AddParameter): Name = "Temperature Coefficient"; Value = "±100ppm/℃"; VariantName = "[No Variations]"
Add component (AddParameter): Name = "Tolerance"; Value = "±1%"; VariantName = "[No Variations]"
Add component (AddParameter): Name = "Type"; Value = "厚膜电阻"; VariantName = "[No Variations]"
Add component (AddParameter): Name = "Value"; Value = "10kΩ"; VariantName = "[No Variations]"
Added Component: Designator=R20(0402_R)
Add component (AddParameter): Name = "Add into BOM"; Value = "yes"; VariantName = "[No Variations]"
Add component (AddParameter): Name = "Convert to PCB"; Value = "yes"; VariantName = "[No Variations]"
Add component (AddParameter): Name = "Datasheet"; Value = "https://atta.szlcsc.com/upload/public/pdf/source/20200306/C422600_1E6D84923E4A46A82E41ADD87F860B5C.pdf"; VariantName = "[No Variations]"
Add component (AddParameter): Name = "Device"; Value = "0402WGF1002TCE"; VariantName = "[No Variations]"
Add component (AddParameter): Name = "JLCPCB Part Class"; Value = "Basic Part"; VariantName = "[No Variations]"
Add component (AddParameter): Name = "LCSC Part Name"; Value = "10kΩ ±1% 62.5mW"; VariantName = "[No Variations]"
Add component (AddParameter): Name = "Manufacturer"; Value = "UNI-ROYAL(厚声)"; VariantName = "[No Variations]"
Add component (AddParameter): Name = "Manufacturer Part"; Value = "0402WGF1002TCE"; VariantName = "[No Variations]"
Add component (AddParameter): Name = "Name"; Value = "10kΩ"; VariantName = "[No Variations]"
Add component (AddParameter): Name = "Operating Temperature Range"; Value = "-55℃~+155℃"; VariantName = "[No Variations]"
Add component (AddParameter): Name = "Overload Voltage (Max)"; Value = "50V"; VariantName = "[No Variations]"
Add component (AddParameter): Name = "Power(Watts)"; Value = "62.5mW"; VariantName = "[No Variations]"
Add component (AddParameter): Name = "Supplier"; Value = "LCSC"; VariantName = "[No Variations]"
Add component (AddParameter): Name = "Supplier Footprint"; Value = "0402"; VariantName = "[No Variations]"
Add component (AddParameter): Name = "Supplier Part"; Value = "C25744"; VariantName = "[No Variations]"
Add component (AddParameter): Name = "Symbol"; Value = "0402WGF1002TCE"; VariantName = "[No Variations]"
Add component (AddParameter): Name = "Temperature Coefficient"; Value = "±100ppm/℃"; VariantName = "[No Variations]"
Add component (AddParameter): Name = "Tolerance"; Value = "±1%"; VariantName = "[No Variations]"
Add component (AddParameter): Name = "Type"; Value = "厚膜电阻"; VariantName = "[No Variations]"
Add component (AddParameter): Name = "Value"; Value = "10kΩ"; VariantName = "[No Variations]"
Added Component: Designator=R21(0603_R)
Add component (AddParameter): Name = "Add into BOM"; Value = "yes"; VariantName = "[No Variations]"
Add component (AddParameter): Name = "Convert to PCB"; Value = "yes"; VariantName = "[No Variations]"
Add component (AddParameter): Name = "Datasheet"; Value = "https://item.szlcsc.com/datasheet/0603WAF1212T5E/23591.html"; VariantName = "[No Variations]"
Add component (AddParameter): Name = "Device"; Value = "0603WAF1212T5E"; VariantName = "[No Variations]"
Add component (AddParameter): Name = "JLCPCB Part Class"; Value = "Extended Part"; VariantName = "[No Variations]"
Add component (AddParameter): Name = "LCSC Part Name"; Value = "12.1kΩ ±1% 100mW 厚膜电阻"; VariantName = "[No Variations]"
Add component (AddParameter): Name = "Manufacturer"; Value = "UNI-ROYAL(厚声)"; VariantName = "[No Variations]"
Add component (AddParameter): Name = "Manufacturer Part"; Value = "0603WAF1212T5E"; VariantName = "[No Variations]"
Add component (AddParameter): Name = "Operating Temperature"; Value = "-55℃~+155℃"; VariantName = "[No Variations]"
Add component (AddParameter): Name = "Power(Watts)"; Value = "100mW"; VariantName = "[No Variations]"
Add component (AddParameter): Name = "Supplier"; Value = "LCSC"; VariantName = "[No Variations]"
Add component (AddParameter): Name = "Supplier Footprint"; Value = "0603"; VariantName = "[No Variations]"
Add component (AddParameter): Name = "Supplier Part"; Value = "C22864"; VariantName = "[No Variations]"
Add component (AddParameter): Name = "Symbol"; Value = "0603WAF1212T5E"; VariantName = "[No Variations]"
Add component (AddParameter): Name = "Temperature Coefficient"; Value = "±100ppm/℃"; VariantName = "[No Variations]"
Add component (AddParameter): Name = "Tolerance"; Value = "±1%"; VariantName = "[No Variations]"
Add component (AddParameter): Name = "Type"; Value = "厚膜电阻"; VariantName = "[No Variations]"
Add component (AddParameter): Name = "Value"; Value = "12.1kΩ"; VariantName = "[No Variations]"
Add component (AddParameter): Name = "Voltage-Supply(Max)"; Value = "75V"; VariantName = "[No Variations]"
Added Component: Designator=R22(0603_R)
Add component (AddParameter): Name = "Add into BOM"; Value = "yes"; VariantName = "[No Variations]"
Add component (AddParameter): Name = "Convert to PCB"; Value = "yes"; VariantName = "[No Variations]"
Add component (AddParameter): Name = "Datasheet"; Value = "https://item.szlcsc.com/datasheet/0603WAF5100T5E/23920.html"; VariantName = "[No Variations]"
Add component (AddParameter): Name = "Device"; Value = "0603WAF5100T5E"; VariantName = "[No Variations]"
Add component (AddParameter): Name = "JLCPCB Part Class"; Value = "Basic Part"; VariantName = "[No Variations]"
Add component (AddParameter): Name = "LCSC Part Name"; Value = "510Ω ±1% 100mW 厚膜电阻"; VariantName = "[No Variations]"
Add component (AddParameter): Name = "Manufacturer"; Value = "UNI-ROYAL(厚声)"; VariantName = "[No Variations]"
Add component (AddParameter): Name = "Manufacturer Part"; Value = "0603WAF5100T5E"; VariantName = "[No Variations]"
Add component (AddParameter): Name = "Operating Temperature"; Value = "-55℃~+155℃"; VariantName = "[No Variations]"
Add component (AddParameter): Name = "Power(Watts)"; Value = "100mW"; VariantName = "[No Variations]"
Add component (AddParameter): Name = "Supplier"; Value = "LCSC"; VariantName = "[No Variations]"
Add component (AddParameter): Name = "Supplier Footprint"; Value = "0603"; VariantName = "[No Variations]"
Add component (AddParameter): Name = "Supplier Part"; Value = "C23193"; VariantName = "[No Variations]"
Add component (AddParameter): Name = "Symbol"; Value = "0603WAF5100T5E"; VariantName = "[No Variations]"
Add component (AddParameter): Name = "Temperature Coefficient"; Value = "±100ppm/℃"; VariantName = "[No Variations]"
Add component (AddParameter): Name = "Tolerance"; Value = "±1%"; VariantName = "[No Variations]"
Add component (AddParameter): Name = "Type"; Value = "厚膜电阻"; VariantName = "[No Variations]"
Add component (AddParameter): Name = "Value"; Value = "510Ω"; VariantName = "[No Variations]"
Add component (AddParameter): Name = "Voltage-Supply(Max)"; Value = "75V"; VariantName = "[No Variations]"
Added Component: Designator=R23(0402_R)
Add component (AddParameter): Name = "Add into BOM"; Value = "yes"; VariantName = "[No Variations]"
Add component (AddParameter): Name = "Convert to PCB"; Value = "yes"; VariantName = "[No Variations]"
Add component (AddParameter): Name = "Datasheet"; Value = "https://atta.szlcsc.com/upload/public/pdf/source/20200306/C422600_1E6D84923E4A46A82E41ADD87F860B5C.pdf"; VariantName = "[No Variations]"
Add component (AddParameter): Name = "Device"; Value = "0402WGF1002TCE"; VariantName = "[No Variations]"
Add component (AddParameter): Name = "JLCPCB Part Class"; Value = "Basic Part"; VariantName = "[No Variations]"
Add component (AddParameter): Name = "LCSC Part Name"; Value = "10kΩ ±1% 62.5mW"; VariantName = "[No Variations]"
Add component (AddParameter): Name = "Manufacturer"; Value = "UNI-ROYAL(厚声)"; VariantName = "[No Variations]"
Add component (AddParameter): Name = "Manufacturer Part"; Value = "0402WGF1002TCE"; VariantName = "[No Variations]"
Add component (AddParameter): Name = "Name"; Value = "10kΩ"; VariantName = "[No Variations]"
Add component (AddParameter): Name = "Operating Temperature Range"; Value = "-55℃~+155℃"; VariantName = "[No Variations]"
Add component (AddParameter): Name = "Overload Voltage (Max)"; Value = "50V"; VariantName = "[No Variations]"
Add component (AddParameter): Name = "Power(Watts)"; Value = "62.5mW"; VariantName = "[No Variations]"
Add component (AddParameter): Name = "Supplier"; Value = "LCSC"; VariantName = "[No Variations]"
Add component (AddParameter): Name = "Supplier Footprint"; Value = "0402"; VariantName = "[No Variations]"
Add component (AddParameter): Name = "Supplier Part"; Value = "C25744"; VariantName = "[No Variations]"
Add component (AddParameter): Name = "Symbol"; Value = "0402WGF1002TCE"; VariantName = "[No Variations]"
Add component (AddParameter): Name = "Temperature Coefficient"; Value = "±100ppm/℃"; VariantName = "[No Variations]"
Add component (AddParameter): Name = "Tolerance"; Value = "±1%"; VariantName = "[No Variations]"
Add component (AddParameter): Name = "Type"; Value = "厚膜电阻"; VariantName = "[No Variations]"
Add component (AddParameter): Name = "Value"; Value = "10kΩ"; VariantName = "[No Variations]"
Added Component: Designator=R24(0402_R)
Add component (AddParameter): Name = "Add into BOM"; Value = "yes"; VariantName = "[No Variations]"
Add component (AddParameter): Name = "Convert to PCB"; Value = "yes"; VariantName = "[No Variations]"
Add component (AddParameter): Name = "Datasheet"; Value = "https://atta.szlcsc.com/upload/public/pdf/source/20200306/C422600_1E6D84923E4A46A82E41ADD87F860B5C.pdf"; VariantName = "[No Variations]"
Add component (AddParameter): Name = "Device"; Value = "0402WGF1002TCE"; VariantName = "[No Variations]"
Add component (AddParameter): Name = "JLCPCB Part Class"; Value = "Basic Part"; VariantName = "[No Variations]"
Add component (AddParameter): Name = "LCSC Part Name"; Value = "10kΩ ±1% 62.5mW"; VariantName = "[No Variations]"
Add component (AddParameter): Name = "Manufacturer"; Value = "UNI-ROYAL(厚声)"; VariantName = "[No Variations]"
Add component (AddParameter): Name = "Manufacturer Part"; Value = "0402WGF1002TCE"; VariantName = "[No Variations]"
Add component (AddParameter): Name = "Name"; Value = "10kΩ"; VariantName = "[No Variations]"
Add component (AddParameter): Name = "Operating Temperature Range"; Value = "-55℃~+155℃"; VariantName = "[No Variations]"
Add component (AddParameter): Name = "Overload Voltage (Max)"; Value = "50V"; VariantName = "[No Variations]"
Add component (AddParameter): Name = "Power(Watts)"; Value = "62.5mW"; VariantName = "[No Variations]"
Add component (AddParameter): Name = "Supplier"; Value = "LCSC"; VariantName = "[No Variations]"
Add component (AddParameter): Name = "Supplier Footprint"; Value = "0402"; VariantName = "[No Variations]"
Add component (AddParameter): Name = "Supplier Part"; Value = "C25744"; VariantName = "[No Variations]"
Add component (AddParameter): Name = "Symbol"; Value = "0402WGF1002TCE"; VariantName = "[No Variations]"
Add component (AddParameter): Name = "Temperature Coefficient"; Value = "±100ppm/℃"; VariantName = "[No Variations]"
Add component (AddParameter): Name = "Tolerance"; Value = "±1%"; VariantName = "[No Variations]"
Add component (AddParameter): Name = "Type"; Value = "厚膜电阻"; VariantName = "[No Variations]"
Add component (AddParameter): Name = "Value"; Value = "10kΩ"; VariantName = "[No Variations]"
Added Component: Designator=R25(0402_R)
Add component (AddParameter): Name = "Add into BOM"; Value = "yes"; VariantName = "[No Variations]"
Add component (AddParameter): Name = "Convert to PCB"; Value = "yes"; VariantName = "[No Variations]"
Add component (AddParameter): Name = "Datasheet"; Value = "https://item.szlcsc.com/datasheet/0402WGF4702TCE/26535.html"; VariantName = "[No Variations]"
Add component (AddParameter): Name = "Device"; Value = "0402WGF4702TCE"; VariantName = "[No Variations]"
Add component (AddParameter): Name = "JLCPCB Part Class"; Value = "Basic Part"; VariantName = "[No Variations]"
Add component (AddParameter): Name = "LCSC Part Name"; Value = "47kΩ ±1% 62.5mW 厚膜电阻"; VariantName = "[No Variations]"
Add component (AddParameter): Name = "Manufacturer"; Value = "UNI-ROYAL(厚声)"; VariantName = "[No Variations]"
Add component (AddParameter): Name = "Manufacturer Part"; Value = "0402WGF4702TCE"; VariantName = "[No Variations]"
Add component (AddParameter): Name = "Operating Temperature"; Value = "-55℃~+155℃"; VariantName = "[No Variations]"
Add component (AddParameter): Name = "Power(Watts)"; Value = "62.5mW"; VariantName = "[No Variations]"
Add component (AddParameter): Name = "Supplier"; Value = "LCSC"; VariantName = "[No Variations]"
Add component (AddParameter): Name = "Supplier Footprint"; Value = "0402"; VariantName = "[No Variations]"
Add component (AddParameter): Name = "Supplier Part"; Value = "C25792"; VariantName = "[No Variations]"
Add component (AddParameter): Name = "Symbol"; Value = "0402WGF4702TCE"; VariantName = "[No Variations]"
Add component (AddParameter): Name = "Temperature Coefficient"; Value = "±100ppm/℃"; VariantName = "[No Variations]"
Add component (AddParameter): Name = "Tolerance"; Value = "±1%"; VariantName = "[No Variations]"
Add component (AddParameter): Name = "Type"; Value = "厚膜电阻"; VariantName = "[No Variations]"
Add component (AddParameter): Name = "Value"; Value = "47kΩ"; VariantName = "[No Variations]"
Add component (AddParameter): Name = "Voltage-Supply(Max)"; Value = "50V"; VariantName = "[No Variations]"
Added Component: Designator=R26(0402_R)
Add component (AddParameter): Name = "Add into BOM"; Value = "yes"; VariantName = "[No Variations]"
Add component (AddParameter): Name = "Convert to PCB"; Value = "yes"; VariantName = "[No Variations]"
Add component (AddParameter): Name = "Datasheet"; Value = "https://atta.szlcsc.com/upload/public/pdf/source/20200306/C422600_1E6D84923E4A46A82E41ADD87F860B5C.pdf"; VariantName = "[No Variations]"
Add component (AddParameter): Name = "Device"; Value = "0402WGF1002TCE"; VariantName = "[No Variations]"
Add component (AddParameter): Name = "JLCPCB Part Class"; Value = "Basic Part"; VariantName = "[No Variations]"
Add component (AddParameter): Name = "LCSC Part Name"; Value = "10kΩ ±1% 62.5mW"; VariantName = "[No Variations]"
Add component (AddParameter): Name = "Manufacturer"; Value = "UNI-ROYAL(厚声)"; VariantName = "[No Variations]"
Add component (AddParameter): Name = "Manufacturer Part"; Value = "0402WGF1002TCE"; VariantName = "[No Variations]"
Add component (AddParameter): Name = "Name"; Value = "10kΩ"; VariantName = "[No Variations]"
Add component (AddParameter): Name = "Operating Temperature Range"; Value = "-55℃~+155℃"; VariantName = "[No Variations]"
Add component (AddParameter): Name = "Overload Voltage (Max)"; Value = "50V"; VariantName = "[No Variations]"
Add component (AddParameter): Name = "Power(Watts)"; Value = "62.5mW"; VariantName = "[No Variations]"
Add component (AddParameter): Name = "Supplier"; Value = "LCSC"; VariantName = "[No Variations]"
Add component (AddParameter): Name = "Supplier Footprint"; Value = "0402"; VariantName = "[No Variations]"
Add component (AddParameter): Name = "Supplier Part"; Value = "C25744"; VariantName = "[No Variations]"
Add component (AddParameter): Name = "Symbol"; Value = "0402WGF1002TCE"; VariantName = "[No Variations]"
Add component (AddParameter): Name = "Temperature Coefficient"; Value = "±100ppm/℃"; VariantName = "[No Variations]"
Add component (AddParameter): Name = "Tolerance"; Value = "±1%"; VariantName = "[No Variations]"
Add component (AddParameter): Name = "Type"; Value = "厚膜电阻"; VariantName = "[No Variations]"
Add component (AddParameter): Name = "Value"; Value = "10kΩ"; VariantName = "[No Variations]"
Added Component: Designator=R27(0402_R)
Add component (AddParameter): Name = "Add into BOM"; Value = "yes"; VariantName = "[No Variations]"
Add component (AddParameter): Name = "Convert to PCB"; Value = "yes"; VariantName = "[No Variations]"
Add component (AddParameter): Name = "Datasheet"; Value = "https://atta.szlcsc.com/upload/public/pdf/source/20200306/C422600_1E6D84923E4A46A82E41ADD87F860B5C.pdf"; VariantName = "[No Variations]"
Add component (AddParameter): Name = "Device"; Value = "0402WGF1002TCE"; VariantName = "[No Variations]"
Add component (AddParameter): Name = "JLCPCB Part Class"; Value = "Basic Part"; VariantName = "[No Variations]"
Add component (AddParameter): Name = "LCSC Part Name"; Value = "10kΩ ±1% 62.5mW"; VariantName = "[No Variations]"
Add component (AddParameter): Name = "Manufacturer"; Value = "UNI-ROYAL(厚声)"; VariantName = "[No Variations]"
Add component (AddParameter): Name = "Manufacturer Part"; Value = "0402WGF1002TCE"; VariantName = "[No Variations]"
Add component (AddParameter): Name = "Name"; Value = "10kΩ"; VariantName = "[No Variations]"
Add component (AddParameter): Name = "Operating Temperature Range"; Value = "-55℃~+155℃"; VariantName = "[No Variations]"
Add component (AddParameter): Name = "Overload Voltage (Max)"; Value = "50V"; VariantName = "[No Variations]"
Add component (AddParameter): Name = "Power(Watts)"; Value = "62.5mW"; VariantName = "[No Variations]"
Add component (AddParameter): Name = "Supplier"; Value = "LCSC"; VariantName = "[No Variations]"
Add component (AddParameter): Name = "Supplier Footprint"; Value = "0402"; VariantName = "[No Variations]"
Add component (AddParameter): Name = "Supplier Part"; Value = "C25744"; VariantName = "[No Variations]"
Add component (AddParameter): Name = "Symbol"; Value = "0402WGF1002TCE"; VariantName = "[No Variations]"
Add component (AddParameter): Name = "Temperature Coefficient"; Value = "±100ppm/℃"; VariantName = "[No Variations]"
Add component (AddParameter): Name = "Tolerance"; Value = "±1%"; VariantName = "[No Variations]"
Add component (AddParameter): Name = "Type"; Value = "厚膜电阻"; VariantName = "[No Variations]"
Add component (AddParameter): Name = "Value"; Value = "10kΩ"; VariantName = "[No Variations]"
Added Component: Designator=R28(0402_R)
Add component (AddParameter): Name = "Add into BOM"; Value = "yes"; VariantName = "[No Variations]"
Add component (AddParameter): Name = "Convert to PCB"; Value = "yes"; VariantName = "[No Variations]"
Add component (AddParameter): Name = "Datasheet"; Value = "https://atta.szlcsc.com/upload/public/pdf/source/20200306/C422600_1E6D84923E4A46A82E41ADD87F860B5C.pdf"; VariantName = "[No Variations]"
Add component (AddParameter): Name = "Device"; Value = "0402WGF1002TCE"; VariantName = "[No Variations]"
Add component (AddParameter): Name = "JLCPCB Part Class"; Value = "Basic Part"; VariantName = "[No Variations]"
Add component (AddParameter): Name = "LCSC Part Name"; Value = "10kΩ ±1% 62.5mW"; VariantName = "[No Variations]"
Add component (AddParameter): Name = "Manufacturer"; Value = "UNI-ROYAL(厚声)"; VariantName = "[No Variations]"
Add component (AddParameter): Name = "Manufacturer Part"; Value = "0402WGF1002TCE"; VariantName = "[No Variations]"
Add component (AddParameter): Name = "Name"; Value = "10kΩ"; VariantName = "[No Variations]"
Add component (AddParameter): Name = "Operating Temperature Range"; Value = "-55℃~+155℃"; VariantName = "[No Variations]"
Add component (AddParameter): Name = "Overload Voltage (Max)"; Value = "50V"; VariantName = "[No Variations]"
Add component (AddParameter): Name = "Power(Watts)"; Value = "62.5mW"; VariantName = "[No Variations]"
Add component (AddParameter): Name = "Supplier"; Value = "LCSC"; VariantName = "[No Variations]"
Add component (AddParameter): Name = "Supplier Footprint"; Value = "0402"; VariantName = "[No Variations]"
Add component (AddParameter): Name = "Supplier Part"; Value = "C25744"; VariantName = "[No Variations]"
Add component (AddParameter): Name = "Symbol"; Value = "0402WGF1002TCE"; VariantName = "[No Variations]"
Add component (AddParameter): Name = "Temperature Coefficient"; Value = "±100ppm/℃"; VariantName = "[No Variations]"
Add component (AddParameter): Name = "Tolerance"; Value = "±1%"; VariantName = "[No Variations]"
Add component (AddParameter): Name = "Type"; Value = "厚膜电阻"; VariantName = "[No Variations]"
Add component (AddParameter): Name = "Value"; Value = "10kΩ"; VariantName = "[No Variations]"
Added Component: Designator=R29(0402_R)
Add component (AddParameter): Name = "Add into BOM"; Value = "yes"; VariantName = "[No Variations]"
Add component (AddParameter): Name = "Convert to PCB"; Value = "yes"; VariantName = "[No Variations]"
Add component (AddParameter): Name = "Datasheet"; Value = "https://atta.szlcsc.com/upload/public/pdf/source/20200306/C422600_1E6D84923E4A46A82E41ADD87F860B5C.pdf"; VariantName = "[No Variations]"
Add component (AddParameter): Name = "Device"; Value = "0402WGF1002TCE"; VariantName = "[No Variations]"
Add component (AddParameter): Name = "JLCPCB Part Class"; Value = "Basic Part"; VariantName = "[No Variations]"
Add component (AddParameter): Name = "LCSC Part Name"; Value = "10kΩ ±1% 62.5mW"; VariantName = "[No Variations]"
Add component (AddParameter): Name = "Manufacturer"; Value = "UNI-ROYAL(厚声)"; VariantName = "[No Variations]"
Add component (AddParameter): Name = "Manufacturer Part"; Value = "0402WGF1002TCE"; VariantName = "[No Variations]"
Add component (AddParameter): Name = "Name"; Value = "10kΩ"; VariantName = "[No Variations]"
Add component (AddParameter): Name = "Operating Temperature Range"; Value = "-55℃~+155℃"; VariantName = "[No Variations]"
Add component (AddParameter): Name = "Overload Voltage (Max)"; Value = "50V"; VariantName = "[No Variations]"
Add component (AddParameter): Name = "Power(Watts)"; Value = "62.5mW"; VariantName = "[No Variations]"
Add component (AddParameter): Name = "Supplier"; Value = "LCSC"; VariantName = "[No Variations]"
Add component (AddParameter): Name = "Supplier Footprint"; Value = "0402"; VariantName = "[No Variations]"
Add component (AddParameter): Name = "Supplier Part"; Value = "C25744"; VariantName = "[No Variations]"
Add component (AddParameter): Name = "Symbol"; Value = "0402WGF1002TCE"; VariantName = "[No Variations]"
Add component (AddParameter): Name = "Temperature Coefficient"; Value = "±100ppm/℃"; VariantName = "[No Variations]"
Add component (AddParameter): Name = "Tolerance"; Value = "±1%"; VariantName = "[No Variations]"
Add component (AddParameter): Name = "Type"; Value = "厚膜电阻"; VariantName = "[No Variations]"
Add component (AddParameter): Name = "Value"; Value = "10kΩ"; VariantName = "[No Variations]"
Added Component: Designator=R30(0402_R)
Add component (AddParameter): Name = "Add into BOM"; Value = "yes"; VariantName = "[No Variations]"
Add component (AddParameter): Name = "Convert to PCB"; Value = "yes"; VariantName = "[No Variations]"
Add component (AddParameter): Name = "Datasheet"; Value = "https://atta.szlcsc.com/upload/public/pdf/source/20200306/C422600_1E6D84923E4A46A82E41ADD87F860B5C.pdf"; VariantName = "[No Variations]"
Add component (AddParameter): Name = "Device"; Value = "0402WGF1002TCE"; VariantName = "[No Variations]"
Add component (AddParameter): Name = "JLCPCB Part Class"; Value = "Basic Part"; VariantName = "[No Variations]"
Add component (AddParameter): Name = "LCSC Part Name"; Value = "10kΩ ±1% 62.5mW"; VariantName = "[No Variations]"
Add component (AddParameter): Name = "Manufacturer"; Value = "UNI-ROYAL(厚声)"; VariantName = "[No Variations]"
Add component (AddParameter): Name = "Manufacturer Part"; Value = "0402WGF1002TCE"; VariantName = "[No Variations]"
Add component (AddParameter): Name = "Name"; Value = "10kΩ"; VariantName = "[No Variations]"
Add component (AddParameter): Name = "Operating Temperature Range"; Value = "-55℃~+155℃"; VariantName = "[No Variations]"
Add component (AddParameter): Name = "Overload Voltage (Max)"; Value = "50V"; VariantName = "[No Variations]"
Add component (AddParameter): Name = "Power(Watts)"; Value = "62.5mW"; VariantName = "[No Variations]"
Add component (AddParameter): Name = "Supplier"; Value = "LCSC"; VariantName = "[No Variations]"
Add component (AddParameter): Name = "Supplier Footprint"; Value = "0402"; VariantName = "[No Variations]"
Add component (AddParameter): Name = "Supplier Part"; Value = "C25744"; VariantName = "[No Variations]"
Add component (AddParameter): Name = "Symbol"; Value = "0402WGF1002TCE"; VariantName = "[No Variations]"
Add component (AddParameter): Name = "Temperature Coefficient"; Value = "±100ppm/℃"; VariantName = "[No Variations]"
Add component (AddParameter): Name = "Tolerance"; Value = "±1%"; VariantName = "[No Variations]"
Add component (AddParameter): Name = "Type"; Value = "厚膜电阻"; VariantName = "[No Variations]"
Add component (AddParameter): Name = "Value"; Value = "10kΩ"; VariantName = "[No Variations]"
Added Component: Designator=R31(0402_R)
Add component (AddParameter): Name = "Add into BOM"; Value = "yes"; VariantName = "[No Variations]"
Add component (AddParameter): Name = "Convert to PCB"; Value = "yes"; VariantName = "[No Variations]"
Add component (AddParameter): Name = "Datasheet"; Value = "https://atta.szlcsc.com/upload/public/pdf/source/20200306/C422600_1E6D84923E4A46A82E41ADD87F860B5C.pdf"; VariantName = "[No Variations]"
Add component (AddParameter): Name = "Device"; Value = "0402WGF1002TCE"; VariantName = "[No Variations]"
Add component (AddParameter): Name = "JLCPCB Part Class"; Value = "Basic Part"; VariantName = "[No Variations]"
Add component (AddParameter): Name = "LCSC Part Name"; Value = "10kΩ ±1% 62.5mW"; VariantName = "[No Variations]"
Add component (AddParameter): Name = "Manufacturer"; Value = "UNI-ROYAL(厚声)"; VariantName = "[No Variations]"
Add component (AddParameter): Name = "Manufacturer Part"; Value = "0402WGF1002TCE"; VariantName = "[No Variations]"
Add component (AddParameter): Name = "Name"; Value = "10kΩ"; VariantName = "[No Variations]"
Add component (AddParameter): Name = "Operating Temperature Range"; Value = "-55℃~+155℃"; VariantName = "[No Variations]"
Add component (AddParameter): Name = "Overload Voltage (Max)"; Value = "50V"; VariantName = "[No Variations]"
Add component (AddParameter): Name = "Power(Watts)"; Value = "62.5mW"; VariantName = "[No Variations]"
Add component (AddParameter): Name = "Supplier"; Value = "LCSC"; VariantName = "[No Variations]"
Add component (AddParameter): Name = "Supplier Footprint"; Value = "0402"; VariantName = "[No Variations]"
Add component (AddParameter): Name = "Supplier Part"; Value = "C25744"; VariantName = "[No Variations]"
Add component (AddParameter): Name = "Symbol"; Value = "0402WGF1002TCE"; VariantName = "[No Variations]"
Add component (AddParameter): Name = "Temperature Coefficient"; Value = "±100ppm/℃"; VariantName = "[No Variations]"
Add component (AddParameter): Name = "Tolerance"; Value = "±1%"; VariantName = "[No Variations]"
Add component (AddParameter): Name = "Type"; Value = "厚膜电阻"; VariantName = "[No Variations]"
Add component (AddParameter): Name = "Value"; Value = "10kΩ"; VariantName = "[No Variations]"
Added Component: Designator=R32(0603_R)
Add component (AddParameter): Name = "Add into BOM"; Value = "yes"; VariantName = "[No Variations]"
Add component (AddParameter): Name = "Convert to PCB"; Value = "yes"; VariantName = "[No Variations]"
Add component (AddParameter): Name = "Datasheet"; Value = "https://item.szlcsc.com/datasheet/0603WAF5100T5E/23920.html"; VariantName = "[No Variations]"
Add component (AddParameter): Name = "Device"; Value = "0603WAF5100T5E"; VariantName = "[No Variations]"
Add component (AddParameter): Name = "JLCPCB Part Class"; Value = "Basic Part"; VariantName = "[No Variations]"
Add component (AddParameter): Name = "LCSC Part Name"; Value = "510Ω ±1% 100mW 厚膜电阻"; VariantName = "[No Variations]"
Add component (AddParameter): Name = "Manufacturer"; Value = "UNI-ROYAL(厚声)"; VariantName = "[No Variations]"
Add component (AddParameter): Name = "Manufacturer Part"; Value = "0603WAF5100T5E"; VariantName = "[No Variations]"
Add component (AddParameter): Name = "Operating Temperature"; Value = "-55℃~+155℃"; VariantName = "[No Variations]"
Add component (AddParameter): Name = "Power(Watts)"; Value = "100mW"; VariantName = "[No Variations]"
Add component (AddParameter): Name = "Supplier"; Value = "LCSC"; VariantName = "[No Variations]"
Add component (AddParameter): Name = "Supplier Footprint"; Value = "0603"; VariantName = "[No Variations]"
Add component (AddParameter): Name = "Supplier Part"; Value = "C23193"; VariantName = "[No Variations]"
Add component (AddParameter): Name = "Symbol"; Value = "0603WAF5100T5E"; VariantName = "[No Variations]"
Add component (AddParameter): Name = "Temperature Coefficient"; Value = "±100ppm/℃"; VariantName = "[No Variations]"
Add component (AddParameter): Name = "Tolerance"; Value = "±1%"; VariantName = "[No Variations]"
Add component (AddParameter): Name = "Type"; Value = "厚膜电阻"; VariantName = "[No Variations]"
Add component (AddParameter): Name = "Value"; Value = "510Ω"; VariantName = "[No Variations]"
Add component (AddParameter): Name = "Voltage-Supply(Max)"; Value = "75V"; VariantName = "[No Variations]"
Added Component: Designator=R33(0402_R)
Add component (AddParameter): Name = "Add into BOM"; Value = "yes"; VariantName = "[No Variations]"
Add component (AddParameter): Name = "Convert to PCB"; Value = "yes"; VariantName = "[No Variations]"
Add component (AddParameter): Name = "Datasheet"; Value = "https://atta.szlcsc.com/upload/public/pdf/source/20200306/C422600_1E6D84923E4A46A82E41ADD87F860B5C.pdf"; VariantName = "[No Variations]"
Add component (AddParameter): Name = "Device"; Value = "0402WGF1002TCE"; VariantName = "[No Variations]"
Add component (AddParameter): Name = "JLCPCB Part Class"; Value = "Basic Part"; VariantName = "[No Variations]"
Add component (AddParameter): Name = "LCSC Part Name"; Value = "10kΩ ±1% 62.5mW"; VariantName = "[No Variations]"
Add component (AddParameter): Name = "Manufacturer"; Value = "UNI-ROYAL(厚声)"; VariantName = "[No Variations]"
Add component (AddParameter): Name = "Manufacturer Part"; Value = "0402WGF1002TCE"; VariantName = "[No Variations]"
Add component (AddParameter): Name = "Name"; Value = "10kΩ"; VariantName = "[No Variations]"
Add component (AddParameter): Name = "Operating Temperature Range"; Value = "-55℃~+155℃"; VariantName = "[No Variations]"
Add component (AddParameter): Name = "Overload Voltage (Max)"; Value = "50V"; VariantName = "[No Variations]"
Add component (AddParameter): Name = "Power(Watts)"; Value = "62.5mW"; VariantName = "[No Variations]"
Add component (AddParameter): Name = "Supplier"; Value = "LCSC"; VariantName = "[No Variations]"
Add component (AddParameter): Name = "Supplier Footprint"; Value = "0402"; VariantName = "[No Variations]"
Add component (AddParameter): Name = "Supplier Part"; Value = "C25744"; VariantName = "[No Variations]"
Add component (AddParameter): Name = "Symbol"; Value = "0402WGF1002TCE"; VariantName = "[No Variations]"
Add component (AddParameter): Name = "Temperature Coefficient"; Value = "±100ppm/℃"; VariantName = "[No Variations]"
Add component (AddParameter): Name = "Tolerance"; Value = "±1%"; VariantName = "[No Variations]"
Add component (AddParameter): Name = "Type"; Value = "厚膜电阻"; VariantName = "[No Variations]"
Add component (AddParameter): Name = "Value"; Value = "10kΩ"; VariantName = "[No Variations]"
Added Component: Designator=R34(0402_R)
Add component (AddParameter): Name = "Add into BOM"; Value = "yes"; VariantName = "[No Variations]"
Add component (AddParameter): Name = "Convert to PCB"; Value = "yes"; VariantName = "[No Variations]"
Add component (AddParameter): Name = "Datasheet"; Value = "https://atta.szlcsc.com/upload/public/pdf/source/20200306/C422600_1E6D84923E4A46A82E41ADD87F860B5C.pdf"; VariantName = "[No Variations]"
Add component (AddParameter): Name = "Device"; Value = "0402WGF1002TCE"; VariantName = "[No Variations]"
Add component (AddParameter): Name = "JLCPCB Part Class"; Value = "Basic Part"; VariantName = "[No Variations]"
Add component (AddParameter): Name = "LCSC Part Name"; Value = "10kΩ ±1% 62.5mW"; VariantName = "[No Variations]"
Add component (AddParameter): Name = "Manufacturer"; Value = "UNI-ROYAL(厚声)"; VariantName = "[No Variations]"
Add component (AddParameter): Name = "Manufacturer Part"; Value = "0402WGF1002TCE"; VariantName = "[No Variations]"
Add component (AddParameter): Name = "Name"; Value = "10kΩ"; VariantName = "[No Variations]"
Add component (AddParameter): Name = "Operating Temperature Range"; Value = "-55℃~+155℃"; VariantName = "[No Variations]"
Add component (AddParameter): Name = "Overload Voltage (Max)"; Value = "50V"; VariantName = "[No Variations]"
Add component (AddParameter): Name = "Power(Watts)"; Value = "62.5mW"; VariantName = "[No Variations]"
Add component (AddParameter): Name = "Supplier"; Value = "LCSC"; VariantName = "[No Variations]"
Add component (AddParameter): Name = "Supplier Footprint"; Value = "0402"; VariantName = "[No Variations]"
Add component (AddParameter): Name = "Supplier Part"; Value = "C25744"; VariantName = "[No Variations]"
Add component (AddParameter): Name = "Symbol"; Value = "0402WGF1002TCE"; VariantName = "[No Variations]"
Add component (AddParameter): Name = "Temperature Coefficient"; Value = "±100ppm/℃"; VariantName = "[No Variations]"
Add component (AddParameter): Name = "Tolerance"; Value = "±1%"; VariantName = "[No Variations]"
Add component (AddParameter): Name = "Type"; Value = "厚膜电阻"; VariantName = "[No Variations]"
Add component (AddParameter): Name = "Value"; Value = "10kΩ"; VariantName = "[No Variations]"
Added Component: Designator=R35(0402_R)
Add component (AddParameter): Name = "Add into BOM"; Value = "yes"; VariantName = "[No Variations]"
Add component (AddParameter): Name = "Convert to PCB"; Value = "yes"; VariantName = "[No Variations]"
Add component (AddParameter): Name = "Datasheet"; Value = "https://item.szlcsc.com/datasheet/0402WGF1001TCE/12256.html"; VariantName = "[No Variations]"
Add component (AddParameter): Name = "Device"; Value = "0402WGF1001TCE"; VariantName = "[No Variations]"
Add component (AddParameter): Name = "JLCPCB Part Class"; Value = "Basic Part"; VariantName = "[No Variations]"
Add component (AddParameter): Name = "LCSC Part Name"; Value = "1kΩ ±1% 62.5mW 厚膜电阻"; VariantName = "[No Variations]"
Add component (AddParameter): Name = "Manufacturer"; Value = "UNI-ROYAL(厚声)"; VariantName = "[No Variations]"
Add component (AddParameter): Name = "Manufacturer Part"; Value = "0402WGF1001TCE"; VariantName = "[No Variations]"
Add component (AddParameter): Name = "Operating Temperature"; Value = "-55℃~+155℃"; VariantName = "[No Variations]"
Add component (AddParameter): Name = "Power(Watts)"; Value = "62.5mW"; VariantName = "[No Variations]"
Add component (AddParameter): Name = "Supplier"; Value = "LCSC"; VariantName = "[No Variations]"
Add component (AddParameter): Name = "Supplier Footprint"; Value = "0402"; VariantName = "[No Variations]"
Add component (AddParameter): Name = "Supplier Part"; Value = "C11702"; VariantName = "[No Variations]"
Add component (AddParameter): Name = "Symbol"; Value = "0402WGF1001TCE"; VariantName = "[No Variations]"
Add component (AddParameter): Name = "Temperature Coefficient"; Value = "±100ppm/℃"; VariantName = "[No Variations]"
Add component (AddParameter): Name = "Tolerance"; Value = "±1%"; VariantName = "[No Variations]"
Add component (AddParameter): Name = "Type"; Value = "厚膜电阻"; VariantName = "[No Variations]"
Add component (AddParameter): Name = "Value"; Value = "1kΩ"; VariantName = "[No Variations]"
Add component (AddParameter): Name = "Voltage-Supply(Max)"; Value = "50V"; VariantName = "[No Variations]"
Added Component: Designator=R36(0402_R)
Add component (AddParameter): Name = "Add into BOM"; Value = "yes"; VariantName = "[No Variations]"
Add component (AddParameter): Name = "Convert to PCB"; Value = "yes"; VariantName = "[No Variations]"
Add component (AddParameter): Name = "Datasheet"; Value = "https://atta.szlcsc.com/upload/public/pdf/source/20200306/C422600_1E6D84923E4A46A82E41ADD87F860B5C.pdf"; VariantName = "[No Variations]"
Add component (AddParameter): Name = "Device"; Value = "0402WGF1002TCE"; VariantName = "[No Variations]"
Add component (AddParameter): Name = "JLCPCB Part Class"; Value = "Basic Part"; VariantName = "[No Variations]"
Add component (AddParameter): Name = "LCSC Part Name"; Value = "10kΩ ±1% 62.5mW"; VariantName = "[No Variations]"
Add component (AddParameter): Name = "Manufacturer"; Value = "UNI-ROYAL(厚声)"; VariantName = "[No Variations]"
Add component (AddParameter): Name = "Manufacturer Part"; Value = "0402WGF1002TCE"; VariantName = "[No Variations]"
Add component (AddParameter): Name = "Name"; Value = "10kΩ"; VariantName = "[No Variations]"
Add component (AddParameter): Name = "Operating Temperature Range"; Value = "-55℃~+155℃"; VariantName = "[No Variations]"
Add component (AddParameter): Name = "Overload Voltage (Max)"; Value = "50V"; VariantName = "[No Variations]"
Add component (AddParameter): Name = "Power(Watts)"; Value = "62.5mW"; VariantName = "[No Variations]"
Add component (AddParameter): Name = "Supplier"; Value = "LCSC"; VariantName = "[No Variations]"
Add component (AddParameter): Name = "Supplier Footprint"; Value = "0402"; VariantName = "[No Variations]"
Add component (AddParameter): Name = "Supplier Part"; Value = "C25744"; VariantName = "[No Variations]"
Add component (AddParameter): Name = "Symbol"; Value = "0402WGF1002TCE"; VariantName = "[No Variations]"
Add component (AddParameter): Name = "Temperature Coefficient"; Value = "±100ppm/℃"; VariantName = "[No Variations]"
Add component (AddParameter): Name = "Tolerance"; Value = "±1%"; VariantName = "[No Variations]"
Add component (AddParameter): Name = "Type"; Value = "厚膜电阻"; VariantName = "[No Variations]"
Add component (AddParameter): Name = "Value"; Value = "10kΩ"; VariantName = "[No Variations]"
Added Component: Designator=R37(0402_R)
Add component (AddParameter): Name = "Add into BOM"; Value = "yes"; VariantName = "[No Variations]"
Add component (AddParameter): Name = "Convert to PCB"; Value = "yes"; VariantName = "[No Variations]"
Add component (AddParameter): Name = "Datasheet"; Value = "https://item.szlcsc.com/datasheet/0402WGF1001TCE/12256.html"; VariantName = "[No Variations]"
Add component (AddParameter): Name = "Device"; Value = "0402WGF1001TCE"; VariantName = "[No Variations]"
Add component (AddParameter): Name = "JLCPCB Part Class"; Value = "Basic Part"; VariantName = "[No Variations]"
Add component (AddParameter): Name = "LCSC Part Name"; Value = "1kΩ ±1% 62.5mW 厚膜电阻"; VariantName = "[No Variations]"
Add component (AddParameter): Name = "Manufacturer"; Value = "UNI-ROYAL(厚声)"; VariantName = "[No Variations]"
Add component (AddParameter): Name = "Manufacturer Part"; Value = "0402WGF1001TCE"; VariantName = "[No Variations]"
Add component (AddParameter): Name = "Operating Temperature"; Value = "-55℃~+155℃"; VariantName = "[No Variations]"
Add component (AddParameter): Name = "Power(Watts)"; Value = "62.5mW"; VariantName = "[No Variations]"
Add component (AddParameter): Name = "Supplier"; Value = "LCSC"; VariantName = "[No Variations]"
Add component (AddParameter): Name = "Supplier Footprint"; Value = "0402"; VariantName = "[No Variations]"
Add component (AddParameter): Name = "Supplier Part"; Value = "C11702"; VariantName = "[No Variations]"
Add component (AddParameter): Name = "Symbol"; Value = "0402WGF1001TCE"; VariantName = "[No Variations]"
Add component (AddParameter): Name = "Temperature Coefficient"; Value = "±100ppm/℃"; VariantName = "[No Variations]"
Add component (AddParameter): Name = "Tolerance"; Value = "±1%"; VariantName = "[No Variations]"
Add component (AddParameter): Name = "Type"; Value = "厚膜电阻"; VariantName = "[No Variations]"
Add component (AddParameter): Name = "Value"; Value = "1kΩ"; VariantName = "[No Variations]"
Add component (AddParameter): Name = "Voltage-Supply(Max)"; Value = "50V"; VariantName = "[No Variations]"
Added Component: Designator=R38(0402_R)
Add component (AddParameter): Name = "Add into BOM"; Value = "yes"; VariantName = "[No Variations]"
Add component (AddParameter): Name = "Convert to PCB"; Value = "yes"; VariantName = "[No Variations]"
Add component (AddParameter): Name = "Datasheet"; Value = "https://atta.szlcsc.com/upload/public/pdf/source/20200306/C422600_1E6D84923E4A46A82E41ADD87F860B5C.pdf"; VariantName = "[No Variations]"
Add component (AddParameter): Name = "Device"; Value = "0402WGF1002TCE"; VariantName = "[No Variations]"
Add component (AddParameter): Name = "JLCPCB Part Class"; Value = "Basic Part"; VariantName = "[No Variations]"
Add component (AddParameter): Name = "LCSC Part Name"; Value = "10kΩ ±1% 62.5mW"; VariantName = "[No Variations]"
Add component (AddParameter): Name = "Manufacturer"; Value = "UNI-ROYAL(厚声)"; VariantName = "[No Variations]"
Add component (AddParameter): Name = "Manufacturer Part"; Value = "0402WGF1002TCE"; VariantName = "[No Variations]"
Add component (AddParameter): Name = "Name"; Value = "10kΩ"; VariantName = "[No Variations]"
Add component (AddParameter): Name = "Operating Temperature Range"; Value = "-55℃~+155℃"; VariantName = "[No Variations]"
Add component (AddParameter): Name = "Overload Voltage (Max)"; Value = "50V"; VariantName = "[No Variations]"
Add component (AddParameter): Name = "Power(Watts)"; Value = "62.5mW"; VariantName = "[No Variations]"
Add component (AddParameter): Name = "Supplier"; Value = "LCSC"; VariantName = "[No Variations]"
Add component (AddParameter): Name = "Supplier Footprint"; Value = "0402"; VariantName = "[No Variations]"
Add component (AddParameter): Name = "Supplier Part"; Value = "C25744"; VariantName = "[No Variations]"
Add component (AddParameter): Name = "Symbol"; Value = "0402WGF1002TCE"; VariantName = "[No Variations]"
Add component (AddParameter): Name = "Temperature Coefficient"; Value = "±100ppm/℃"; VariantName = "[No Variations]"
Add component (AddParameter): Name = "Tolerance"; Value = "±1%"; VariantName = "[No Variations]"
Add component (AddParameter): Name = "Type"; Value = "厚膜电阻"; VariantName = "[No Variations]"
Add component (AddParameter): Name = "Value"; Value = "10kΩ"; VariantName = "[No Variations]"
Added Component: Designator=R39(0402_R)
Add component (AddParameter): Name = "Add into BOM"; Value = "yes"; VariantName = "[No Variations]"
Add component (AddParameter): Name = "Convert to PCB"; Value = "yes"; VariantName = "[No Variations]"
Add component (AddParameter): Name = "Datasheet"; Value = "https://atta.szlcsc.com/upload/public/pdf/source/20200306/C422600_1E6D84923E4A46A82E41ADD87F860B5C.pdf"; VariantName = "[No Variations]"
Add component (AddParameter): Name = "Device"; Value = "0402WGF1002TCE"; VariantName = "[No Variations]"
Add component (AddParameter): Name = "JLCPCB Part Class"; Value = "Basic Part"; VariantName = "[No Variations]"
Add component (AddParameter): Name = "LCSC Part Name"; Value = "10kΩ ±1% 62.5mW"; VariantName = "[No Variations]"
Add component (AddParameter): Name = "Manufacturer"; Value = "UNI-ROYAL(厚声)"; VariantName = "[No Variations]"
Add component (AddParameter): Name = "Manufacturer Part"; Value = "0402WGF1002TCE"; VariantName = "[No Variations]"
Add component (AddParameter): Name = "Name"; Value = "10kΩ"; VariantName = "[No Variations]"
Add component (AddParameter): Name = "Operating Temperature Range"; Value = "-55℃~+155℃"; VariantName = "[No Variations]"
Add component (AddParameter): Name = "Overload Voltage (Max)"; Value = "50V"; VariantName = "[No Variations]"
Add component (AddParameter): Name = "Power(Watts)"; Value = "62.5mW"; VariantName = "[No Variations]"
Add component (AddParameter): Name = "Supplier"; Value = "LCSC"; VariantName = "[No Variations]"
Add component (AddParameter): Name = "Supplier Footprint"; Value = "0402"; VariantName = "[No Variations]"
Add component (AddParameter): Name = "Supplier Part"; Value = "C25744"; VariantName = "[No Variations]"
Add component (AddParameter): Name = "Symbol"; Value = "0402WGF1002TCE"; VariantName = "[No Variations]"
Add component (AddParameter): Name = "Temperature Coefficient"; Value = "±100ppm/℃"; VariantName = "[No Variations]"
Add component (AddParameter): Name = "Tolerance"; Value = "±1%"; VariantName = "[No Variations]"
Add component (AddParameter): Name = "Type"; Value = "厚膜电阻"; VariantName = "[No Variations]"
Add component (AddParameter): Name = "Value"; Value = "10kΩ"; VariantName = "[No Variations]"
Added Component: Designator=R40(0402_R)
Add component (AddParameter): Name = "Add into BOM"; Value = "yes"; VariantName = "[No Variations]"
Add component (AddParameter): Name = "Convert to PCB"; Value = "yes"; VariantName = "[No Variations]"
Add component (AddParameter): Name = "Datasheet"; Value = "https://atta.szlcsc.com/upload/public/pdf/source/20200306/C422600_1E6D84923E4A46A82E41ADD87F860B5C.pdf"; VariantName = "[No Variations]"
Add component (AddParameter): Name = "Device"; Value = "0402WGF1002TCE"; VariantName = "[No Variations]"
Add component (AddParameter): Name = "JLCPCB Part Class"; Value = "Basic Part"; VariantName = "[No Variations]"
Add component (AddParameter): Name = "LCSC Part Name"; Value = "10kΩ ±1% 62.5mW"; VariantName = "[No Variations]"
Add component (AddParameter): Name = "Manufacturer"; Value = "UNI-ROYAL(厚声)"; VariantName = "[No Variations]"
Add component (AddParameter): Name = "Manufacturer Part"; Value = "0402WGF1002TCE"; VariantName = "[No Variations]"
Add component (AddParameter): Name = "Name"; Value = "10kΩ"; VariantName = "[No Variations]"
Add component (AddParameter): Name = "Operating Temperature Range"; Value = "-55℃~+155℃"; VariantName = "[No Variations]"
Add component (AddParameter): Name = "Overload Voltage (Max)"; Value = "50V"; VariantName = "[No Variations]"
Add component (AddParameter): Name = "Power(Watts)"; Value = "62.5mW"; VariantName = "[No Variations]"
Add component (AddParameter): Name = "Supplier"; Value = "LCSC"; VariantName = "[No Variations]"
Add component (AddParameter): Name = "Supplier Footprint"; Value = "0402"; VariantName = "[No Variations]"
Add component (AddParameter): Name = "Supplier Part"; Value = "C25744"; VariantName = "[No Variations]"
Add component (AddParameter): Name = "Symbol"; Value = "0402WGF1002TCE"; VariantName = "[No Variations]"
Add component (AddParameter): Name = "Temperature Coefficient"; Value = "±100ppm/℃"; VariantName = "[No Variations]"
Add component (AddParameter): Name = "Tolerance"; Value = "±1%"; VariantName = "[No Variations]"
Add component (AddParameter): Name = "Type"; Value = "厚膜电阻"; VariantName = "[No Variations]"
Add component (AddParameter): Name = "Value"; Value = "10kΩ"; VariantName = "[No Variations]"
Added Component: Designator=R41(0402_R)
Add component (AddParameter): Name = "Add into BOM"; Value = "yes"; VariantName = "[No Variations]"
Add component (AddParameter): Name = "Convert to PCB"; Value = "yes"; VariantName = "[No Variations]"
Add component (AddParameter): Name = "Datasheet"; Value = "https://atta.szlcsc.com/upload/public/pdf/source/20200306/C422600_1E6D84923E4A46A82E41ADD87F860B5C.pdf"; VariantName = "[No Variations]"
Add component (AddParameter): Name = "Device"; Value = "0402WGF1002TCE"; VariantName = "[No Variations]"
Add component (AddParameter): Name = "JLCPCB Part Class"; Value = "Basic Part"; VariantName = "[No Variations]"
Add component (AddParameter): Name = "LCSC Part Name"; Value = "10kΩ ±1% 62.5mW"; VariantName = "[No Variations]"
Add component (AddParameter): Name = "Manufacturer"; Value = "UNI-ROYAL(厚声)"; VariantName = "[No Variations]"
Add component (AddParameter): Name = "Manufacturer Part"; Value = "0402WGF1002TCE"; VariantName = "[No Variations]"
Add component (AddParameter): Name = "Name"; Value = "10kΩ"; VariantName = "[No Variations]"
Add component (AddParameter): Name = "Operating Temperature Range"; Value = "-55℃~+155℃"; VariantName = "[No Variations]"
Add component (AddParameter): Name = "Overload Voltage (Max)"; Value = "50V"; VariantName = "[No Variations]"
Add component (AddParameter): Name = "Power(Watts)"; Value = "62.5mW"; VariantName = "[No Variations]"
Add component (AddParameter): Name = "Supplier"; Value = "LCSC"; VariantName = "[No Variations]"
Add component (AddParameter): Name = "Supplier Footprint"; Value = "0402"; VariantName = "[No Variations]"
Add component (AddParameter): Name = "Supplier Part"; Value = "C25744"; VariantName = "[No Variations]"
Add component (AddParameter): Name = "Symbol"; Value = "0402WGF1002TCE"; VariantName = "[No Variations]"
Add component (AddParameter): Name = "Temperature Coefficient"; Value = "±100ppm/℃"; VariantName = "[No Variations]"
Add component (AddParameter): Name = "Tolerance"; Value = "±1%"; VariantName = "[No Variations]"
Add component (AddParameter): Name = "Type"; Value = "厚膜电阻"; VariantName = "[No Variations]"
Add component (AddParameter): Name = "Value"; Value = "10kΩ"; VariantName = "[No Variations]"
Added Component: Designator=R42(0402_R)
Add component (AddParameter): Name = "Add into BOM"; Value = "yes"; VariantName = "[No Variations]"
Add component (AddParameter): Name = "Convert to PCB"; Value = "yes"; VariantName = "[No Variations]"
Add component (AddParameter): Name = "Datasheet"; Value = "https://atta.szlcsc.com/upload/public/pdf/source/20200306/C422600_1E6D84923E4A46A82E41ADD87F860B5C.pdf"; VariantName = "[No Variations]"
Add component (AddParameter): Name = "Device"; Value = "0402WGF1002TCE"; VariantName = "[No Variations]"
Add component (AddParameter): Name = "JLCPCB Part Class"; Value = "Basic Part"; VariantName = "[No Variations]"
Add component (AddParameter): Name = "LCSC Part Name"; Value = "10kΩ ±1% 62.5mW"; VariantName = "[No Variations]"
Add component (AddParameter): Name = "Manufacturer"; Value = "UNI-ROYAL(厚声)"; VariantName = "[No Variations]"
Add component (AddParameter): Name = "Manufacturer Part"; Value = "0402WGF1002TCE"; VariantName = "[No Variations]"
Add component (AddParameter): Name = "Name"; Value = "10kΩ"; VariantName = "[No Variations]"
Add component (AddParameter): Name = "Operating Temperature Range"; Value = "-55℃~+155℃"; VariantName = "[No Variations]"
Add component (AddParameter): Name = "Overload Voltage (Max)"; Value = "50V"; VariantName = "[No Variations]"
Add component (AddParameter): Name = "Power(Watts)"; Value = "62.5mW"; VariantName = "[No Variations]"
Add component (AddParameter): Name = "Supplier"; Value = "LCSC"; VariantName = "[No Variations]"
Add component (AddParameter): Name = "Supplier Footprint"; Value = "0402"; VariantName = "[No Variations]"
Add component (AddParameter): Name = "Supplier Part"; Value = "C25744"; VariantName = "[No Variations]"
Add component (AddParameter): Name = "Symbol"; Value = "0402WGF1002TCE"; VariantName = "[No Variations]"
Add component (AddParameter): Name = "Temperature Coefficient"; Value = "±100ppm/℃"; VariantName = "[No Variations]"
Add component (AddParameter): Name = "Tolerance"; Value = "±1%"; VariantName = "[No Variations]"
Add component (AddParameter): Name = "Type"; Value = "厚膜电阻"; VariantName = "[No Variations]"
Add component (AddParameter): Name = "Value"; Value = "10kΩ"; VariantName = "[No Variations]"
Added Component: Designator=R43(0402_R)
Add component (AddParameter): Name = "Add into BOM"; Value = "yes"; VariantName = "[No Variations]"
Add component (AddParameter): Name = "Convert to PCB"; Value = "yes"; VariantName = "[No Variations]"
Add component (AddParameter): Name = "Datasheet"; Value = "https://atta.szlcsc.com/upload/public/pdf/source/20200306/C422600_1E6D84923E4A46A82E41ADD87F860B5C.pdf"; VariantName = "[No Variations]"
Add component (AddParameter): Name = "Device"; Value = "0402WGF1002TCE"; VariantName = "[No Variations]"
Add component (AddParameter): Name = "JLCPCB Part Class"; Value = "Basic Part"; VariantName = "[No Variations]"
Add component (AddParameter): Name = "LCSC Part Name"; Value = "10kΩ ±1% 62.5mW"; VariantName = "[No Variations]"
Add component (AddParameter): Name = "Manufacturer"; Value = "UNI-ROYAL(厚声)"; VariantName = "[No Variations]"
Add component (AddParameter): Name = "Manufacturer Part"; Value = "0402WGF1002TCE"; VariantName = "[No Variations]"
Add component (AddParameter): Name = "Name"; Value = "10kΩ"; VariantName = "[No Variations]"
Add component (AddParameter): Name = "Operating Temperature Range"; Value = "-55℃~+155℃"; VariantName = "[No Variations]"
Add component (AddParameter): Name = "Overload Voltage (Max)"; Value = "50V"; VariantName = "[No Variations]"
Add component (AddParameter): Name = "Power(Watts)"; Value = "62.5mW"; VariantName = "[No Variations]"
Add component (AddParameter): Name = "Supplier"; Value = "LCSC"; VariantName = "[No Variations]"
Add component (AddParameter): Name = "Supplier Footprint"; Value = "0402"; VariantName = "[No Variations]"
Add component (AddParameter): Name = "Supplier Part"; Value = "C25744"; VariantName = "[No Variations]"
Add component (AddParameter): Name = "Symbol"; Value = "0402WGF1002TCE"; VariantName = "[No Variations]"
Add component (AddParameter): Name = "Temperature Coefficient"; Value = "±100ppm/℃"; VariantName = "[No Variations]"
Add component (AddParameter): Name = "Tolerance"; Value = "±1%"; VariantName = "[No Variations]"
Add component (AddParameter): Name = "Type"; Value = "厚膜电阻"; VariantName = "[No Variations]"
Add component (AddParameter): Name = "Value"; Value = "10kΩ"; VariantName = "[No Variations]"
Added Component: Designator=R44(0402_R)
Add component (AddParameter): Name = "Add into BOM"; Value = "yes"; VariantName = "[No Variations]"
Add component (AddParameter): Name = "Convert to PCB"; Value = "yes"; VariantName = "[No Variations]"
Add component (AddParameter): Name = "Datasheet"; Value = "https://atta.szlcsc.com/upload/public/pdf/source/20200306/C422600_1E6D84923E4A46A82E41ADD87F860B5C.pdf"; VariantName = "[No Variations]"
Add component (AddParameter): Name = "Device"; Value = "0402WGF1002TCE"; VariantName = "[No Variations]"
Add component (AddParameter): Name = "JLCPCB Part Class"; Value = "Basic Part"; VariantName = "[No Variations]"
Add component (AddParameter): Name = "LCSC Part Name"; Value = "10kΩ ±1% 62.5mW"; VariantName = "[No Variations]"
Add component (AddParameter): Name = "Manufacturer"; Value = "UNI-ROYAL(厚声)"; VariantName = "[No Variations]"
Add component (AddParameter): Name = "Manufacturer Part"; Value = "0402WGF1002TCE"; VariantName = "[No Variations]"
Add component (AddParameter): Name = "Name"; Value = "10kΩ"; VariantName = "[No Variations]"
Add component (AddParameter): Name = "Operating Temperature Range"; Value = "-55℃~+155℃"; VariantName = "[No Variations]"
Add component (AddParameter): Name = "Overload Voltage (Max)"; Value = "50V"; VariantName = "[No Variations]"
Add component (AddParameter): Name = "Power(Watts)"; Value = "62.5mW"; VariantName = "[No Variations]"
Add component (AddParameter): Name = "Supplier"; Value = "LCSC"; VariantName = "[No Variations]"
Add component (AddParameter): Name = "Supplier Footprint"; Value = "0402"; VariantName = "[No Variations]"
Add component (AddParameter): Name = "Supplier Part"; Value = "C25744"; VariantName = "[No Variations]"
Add component (AddParameter): Name = "Symbol"; Value = "0402WGF1002TCE"; VariantName = "[No Variations]"
Add component (AddParameter): Name = "Temperature Coefficient"; Value = "±100ppm/℃"; VariantName = "[No Variations]"
Add component (AddParameter): Name = "Tolerance"; Value = "±1%"; VariantName = "[No Variations]"
Add component (AddParameter): Name = "Type"; Value = "厚膜电阻"; VariantName = "[No Variations]"
Add component (AddParameter): Name = "Value"; Value = "10kΩ"; VariantName = "[No Variations]"
Added Component: Designator=R45(0402_R)
Add component (AddParameter): Name = "Add into BOM"; Value = "yes"; VariantName = "[No Variations]"
Add component (AddParameter): Name = "Convert to PCB"; Value = "yes"; VariantName = "[No Variations]"
Add component (AddParameter): Name = "Datasheet"; Value = "https://atta.szlcsc.com/upload/public/pdf/source/20200306/C422600_1E6D84923E4A46A82E41ADD87F860B5C.pdf"; VariantName = "[No Variations]"
Add component (AddParameter): Name = "Device"; Value = "0402WGF1002TCE"; VariantName = "[No Variations]"
Add component (AddParameter): Name = "JLCPCB Part Class"; Value = "Basic Part"; VariantName = "[No Variations]"
Add component (AddParameter): Name = "LCSC Part Name"; Value = "10kΩ ±1% 62.5mW"; VariantName = "[No Variations]"
Add component (AddParameter): Name = "Manufacturer"; Value = "UNI-ROYAL(厚声)"; VariantName = "[No Variations]"
Add component (AddParameter): Name = "Manufacturer Part"; Value = "0402WGF1002TCE"; VariantName = "[No Variations]"
Add component (AddParameter): Name = "Name"; Value = "10kΩ"; VariantName = "[No Variations]"
Add component (AddParameter): Name = "Operating Temperature Range"; Value = "-55℃~+155℃"; VariantName = "[No Variations]"
Add component (AddParameter): Name = "Overload Voltage (Max)"; Value = "50V"; VariantName = "[No Variations]"
Add component (AddParameter): Name = "Power(Watts)"; Value = "62.5mW"; VariantName = "[No Variations]"
Add component (AddParameter): Name = "Supplier"; Value = "LCSC"; VariantName = "[No Variations]"
Add component (AddParameter): Name = "Supplier Footprint"; Value = "0402"; VariantName = "[No Variations]"
Add component (AddParameter): Name = "Supplier Part"; Value = "C25744"; VariantName = "[No Variations]"
Add component (AddParameter): Name = "Symbol"; Value = "0402WGF1002TCE"; VariantName = "[No Variations]"
Add component (AddParameter): Name = "Temperature Coefficient"; Value = "±100ppm/℃"; VariantName = "[No Variations]"
Add component (AddParameter): Name = "Tolerance"; Value = "±1%"; VariantName = "[No Variations]"
Add component (AddParameter): Name = "Type"; Value = "厚膜电阻"; VariantName = "[No Variations]"
Add component (AddParameter): Name = "Value"; Value = "10kΩ"; VariantName = "[No Variations]"
Added Component: Designator=R46(0402_R)
Add component (AddParameter): Name = "Add into BOM"; Value = "yes"; VariantName = "[No Variations]"
Add component (AddParameter): Name = "Convert to PCB"; Value = "yes"; VariantName = "[No Variations]"
Add component (AddParameter): Name = "Datasheet"; Value = "https://atta.szlcsc.com/upload/public/pdf/source/20200306/C422600_1E6D84923E4A46A82E41ADD87F860B5C.pdf"; VariantName = "[No Variations]"
Add component (AddParameter): Name = "Device"; Value = "0402WGF1002TCE"; VariantName = "[No Variations]"
Add component (AddParameter): Name = "JLCPCB Part Class"; Value = "Basic Part"; VariantName = "[No Variations]"
Add component (AddParameter): Name = "LCSC Part Name"; Value = "10kΩ ±1% 62.5mW"; VariantName = "[No Variations]"
Add component (AddParameter): Name = "Manufacturer"; Value = "UNI-ROYAL(厚声)"; VariantName = "[No Variations]"
Add component (AddParameter): Name = "Manufacturer Part"; Value = "0402WGF1002TCE"; VariantName = "[No Variations]"
Add component (AddParameter): Name = "Name"; Value = "10kΩ"; VariantName = "[No Variations]"
Add component (AddParameter): Name = "Operating Temperature Range"; Value = "-55℃~+155℃"; VariantName = "[No Variations]"
Add component (AddParameter): Name = "Overload Voltage (Max)"; Value = "50V"; VariantName = "[No Variations]"
Add component (AddParameter): Name = "Power(Watts)"; Value = "62.5mW"; VariantName = "[No Variations]"
Add component (AddParameter): Name = "Supplier"; Value = "LCSC"; VariantName = "[No Variations]"
Add component (AddParameter): Name = "Supplier Footprint"; Value = "0402"; VariantName = "[No Variations]"
Add component (AddParameter): Name = "Supplier Part"; Value = "C25744"; VariantName = "[No Variations]"
Add component (AddParameter): Name = "Symbol"; Value = "0402WGF1002TCE"; VariantName = "[No Variations]"
Add component (AddParameter): Name = "Temperature Coefficient"; Value = "±100ppm/℃"; VariantName = "[No Variations]"
Add component (AddParameter): Name = "Tolerance"; Value = "±1%"; VariantName = "[No Variations]"
Add component (AddParameter): Name = "Type"; Value = "厚膜电阻"; VariantName = "[No Variations]"
Add component (AddParameter): Name = "Value"; Value = "10kΩ"; VariantName = "[No Variations]"
Added Component: Designator=R47(0402_R)
Add component (AddParameter): Name = "Add into BOM"; Value = "yes"; VariantName = "[No Variations]"
Add component (AddParameter): Name = "Convert to PCB"; Value = "yes"; VariantName = "[No Variations]"
Add component (AddParameter): Name = "Datasheet"; Value = "https://atta.szlcsc.com/upload/public/pdf/source/20200306/C422600_1E6D84923E4A46A82E41ADD87F860B5C.pdf"; VariantName = "[No Variations]"
Add component (AddParameter): Name = "Device"; Value = "0402WGF1002TCE"; VariantName = "[No Variations]"
Add component (AddParameter): Name = "JLCPCB Part Class"; Value = "Basic Part"; VariantName = "[No Variations]"
Add component (AddParameter): Name = "LCSC Part Name"; Value = "10kΩ ±1% 62.5mW"; VariantName = "[No Variations]"
Add component (AddParameter): Name = "Manufacturer"; Value = "UNI-ROYAL(厚声)"; VariantName = "[No Variations]"
Add component (AddParameter): Name = "Manufacturer Part"; Value = "0402WGF1002TCE"; VariantName = "[No Variations]"
Add component (AddParameter): Name = "Name"; Value = "10kΩ"; VariantName = "[No Variations]"
Add component (AddParameter): Name = "Operating Temperature Range"; Value = "-55℃~+155℃"; VariantName = "[No Variations]"
Add component (AddParameter): Name = "Overload Voltage (Max)"; Value = "50V"; VariantName = "[No Variations]"
Add component (AddParameter): Name = "Power(Watts)"; Value = "62.5mW"; VariantName = "[No Variations]"
Add component (AddParameter): Name = "Supplier"; Value = "LCSC"; VariantName = "[No Variations]"
Add component (AddParameter): Name = "Supplier Footprint"; Value = "0402"; VariantName = "[No Variations]"
Add component (AddParameter): Name = "Supplier Part"; Value = "C25744"; VariantName = "[No Variations]"
Add component (AddParameter): Name = "Symbol"; Value = "0402WGF1002TCE"; VariantName = "[No Variations]"
Add component (AddParameter): Name = "Temperature Coefficient"; Value = "±100ppm/℃"; VariantName = "[No Variations]"
Add component (AddParameter): Name = "Tolerance"; Value = "±1%"; VariantName = "[No Variations]"
Add component (AddParameter): Name = "Type"; Value = "厚膜电阻"; VariantName = "[No Variations]"
Add component (AddParameter): Name = "Value"; Value = "10kΩ"; VariantName = "[No Variations]"
Added Component: Designator=R48(0402_R)
Add component (AddParameter): Name = "Add into BOM"; Value = "yes"; VariantName = "[No Variations]"
Add component (AddParameter): Name = "Convert to PCB"; Value = "yes"; VariantName = "[No Variations]"
Add component (AddParameter): Name = "Datasheet"; Value = "https://atta.szlcsc.com/upload/public/pdf/source/20200306/C422600_1E6D84923E4A46A82E41ADD87F860B5C.pdf"; VariantName = "[No Variations]"
Add component (AddParameter): Name = "Device"; Value = "0402WGF1002TCE"; VariantName = "[No Variations]"
Add component (AddParameter): Name = "JLCPCB Part Class"; Value = "Basic Part"; VariantName = "[No Variations]"
Add component (AddParameter): Name = "LCSC Part Name"; Value = "10kΩ ±1% 62.5mW"; VariantName = "[No Variations]"
Add component (AddParameter): Name = "Manufacturer"; Value = "UNI-ROYAL(厚声)"; VariantName = "[No Variations]"
Add component (AddParameter): Name = "Manufacturer Part"; Value = "0402WGF1002TCE"; VariantName = "[No Variations]"
Add component (AddParameter): Name = "Name"; Value = "10kΩ"; VariantName = "[No Variations]"
Add component (AddParameter): Name = "Operating Temperature Range"; Value = "-55℃~+155℃"; VariantName = "[No Variations]"
Add component (AddParameter): Name = "Overload Voltage (Max)"; Value = "50V"; VariantName = "[No Variations]"
Add component (AddParameter): Name = "Power(Watts)"; Value = "62.5mW"; VariantName = "[No Variations]"
Add component (AddParameter): Name = "Supplier"; Value = "LCSC"; VariantName = "[No Variations]"
Add component (AddParameter): Name = "Supplier Footprint"; Value = "0402"; VariantName = "[No Variations]"
Add component (AddParameter): Name = "Supplier Part"; Value = "C25744"; VariantName = "[No Variations]"
Add component (AddParameter): Name = "Symbol"; Value = "0402WGF1002TCE"; VariantName = "[No Variations]"
Add component (AddParameter): Name = "Temperature Coefficient"; Value = "±100ppm/℃"; VariantName = "[No Variations]"
Add component (AddParameter): Name = "Tolerance"; Value = "±1%"; VariantName = "[No Variations]"
Add component (AddParameter): Name = "Type"; Value = "厚膜电阻"; VariantName = "[No Variations]"
Add component (AddParameter): Name = "Value"; Value = "10kΩ"; VariantName = "[No Variations]"
Added Component: Designator=R49(0402_R)
Add component (AddParameter): Name = "Add into BOM"; Value = "yes"; VariantName = "[No Variations]"
Add component (AddParameter): Name = "Convert to PCB"; Value = "yes"; VariantName = "[No Variations]"
Add component (AddParameter): Name = "Datasheet"; Value = "https://atta.szlcsc.com/upload/public/pdf/source/20200306/C422600_1E6D84923E4A46A82E41ADD87F860B5C.pdf"; VariantName = "[No Variations]"
Add component (AddParameter): Name = "Device"; Value = "0402WGF1000TCE"; VariantName = "[No Variations]"
Add component (AddParameter): Name = "JLCPCB Part Class"; Value = "Basic Part"; VariantName = "[No Variations]"
Add component (AddParameter): Name = "LCSC Part Name"; Value = "100Ω ±1% 62.5mW 厚膜电阻"; VariantName = "[No Variations]"
Add component (AddParameter): Name = "Manufacturer"; Value = "UNI-ROYAL(厚声)"; VariantName = "[No Variations]"
Add component (AddParameter): Name = "Manufacturer Part"; Value = "0402WGF1000TCE"; VariantName = "[No Variations]"
Add component (AddParameter): Name = "Operating Temperature Range"; Value = "-55℃~+155℃"; VariantName = "[No Variations]"
Add component (AddParameter): Name = "Overload Voltage (Max)"; Value = "50V"; VariantName = "[No Variations]"
Add component (AddParameter): Name = "Power(Watts)"; Value = "62.5mW"; VariantName = "[No Variations]"
Add component (AddParameter): Name = "Supplier"; Value = "LCSC"; VariantName = "[No Variations]"
Add component (AddParameter): Name = "Supplier Footprint"; Value = "0402"; VariantName = "[No Variations]"
Add component (AddParameter): Name = "Supplier Part"; Value = "C25076"; VariantName = "[No Variations]"
Add component (AddParameter): Name = "Symbol"; Value = "0402WGF1000TCE"; VariantName = "[No Variations]"
Add component (AddParameter): Name = "Temperature Coefficient"; Value = "±200ppm/℃"; VariantName = "[No Variations]"
Add component (AddParameter): Name = "Tolerance"; Value = "±1%"; VariantName = "[No Variations]"
Add component (AddParameter): Name = "Type"; Value = "厚膜电阻"; VariantName = "[No Variations]"
Add component (AddParameter): Name = "Value"; Value = "100Ω"; VariantName = "[No Variations]"
Added Component: Designator=R50(0402_R)
Add component (AddParameter): Name = "Add into BOM"; Value = "yes"; VariantName = "[No Variations]"
Add component (AddParameter): Name = "Convert to PCB"; Value = "yes"; VariantName = "[No Variations]"
Add component (AddParameter): Name = "Datasheet"; Value = "https://atta.szlcsc.com/upload/public/pdf/source/20200306/C422600_1E6D84923E4A46A82E41ADD87F860B5C.pdf"; VariantName = "[No Variations]"
Add component (AddParameter): Name = "Device"; Value = "0402WGF1002TCE"; VariantName = "[No Variations]"
Add component (AddParameter): Name = "JLCPCB Part Class"; Value = "Basic Part"; VariantName = "[No Variations]"
Add component (AddParameter): Name = "LCSC Part Name"; Value = "10kΩ ±1% 62.5mW"; VariantName = "[No Variations]"
Add component (AddParameter): Name = "Manufacturer"; Value = "UNI-ROYAL(厚声)"; VariantName = "[No Variations]"
Add component (AddParameter): Name = "Manufacturer Part"; Value = "0402WGF1002TCE"; VariantName = "[No Variations]"
Add component (AddParameter): Name = "Name"; Value = "10kΩ"; VariantName = "[No Variations]"
Add component (AddParameter): Name = "Operating Temperature Range"; Value = "-55℃~+155℃"; VariantName = "[No Variations]"
Add component (AddParameter): Name = "Overload Voltage (Max)"; Value = "50V"; VariantName = "[No Variations]"
Add component (AddParameter): Name = "Power(Watts)"; Value = "62.5mW"; VariantName = "[No Variations]"
Add component (AddParameter): Name = "Supplier"; Value = "LCSC"; VariantName = "[No Variations]"
Add component (AddParameter): Name = "Supplier Footprint"; Value = "0402"; VariantName = "[No Variations]"
Add component (AddParameter): Name = "Supplier Part"; Value = "C25744"; VariantName = "[No Variations]"
Add component (AddParameter): Name = "Symbol"; Value = "0402WGF1002TCE"; VariantName = "[No Variations]"
Add component (AddParameter): Name = "Temperature Coefficient"; Value = "±100ppm/℃"; VariantName = "[No Variations]"
Add component (AddParameter): Name = "Tolerance"; Value = "±1%"; VariantName = "[No Variations]"
Add component (AddParameter): Name = "Type"; Value = "厚膜电阻"; VariantName = "[No Variations]"
Add component (AddParameter): Name = "Value"; Value = "10kΩ"; VariantName = "[No Variations]"
Added Component: Designator=R51(0402_R)
Add component (AddParameter): Name = "Add into BOM"; Value = "yes"; VariantName = "[No Variations]"
Add component (AddParameter): Name = "Convert to PCB"; Value = "yes"; VariantName = "[No Variations]"
Add component (AddParameter): Name = "Datasheet"; Value = "https://atta.szlcsc.com/upload/public/pdf/source/20200306/C422600_1E6D84923E4A46A82E41ADD87F860B5C.pdf"; VariantName = "[No Variations]"
Add component (AddParameter): Name = "Device"; Value = "0402WGF1002TCE"; VariantName = "[No Variations]"
Add component (AddParameter): Name = "JLCPCB Part Class"; Value = "Basic Part"; VariantName = "[No Variations]"
Add component (AddParameter): Name = "LCSC Part Name"; Value = "10kΩ ±1% 62.5mW"; VariantName = "[No Variations]"
Add component (AddParameter): Name = "Manufacturer"; Value = "UNI-ROYAL(厚声)"; VariantName = "[No Variations]"
Add component (AddParameter): Name = "Manufacturer Part"; Value = "0402WGF1002TCE"; VariantName = "[No Variations]"
Add component (AddParameter): Name = "Name"; Value = "10kΩ"; VariantName = "[No Variations]"
Add component (AddParameter): Name = "Operating Temperature Range"; Value = "-55℃~+155℃"; VariantName = "[No Variations]"
Add component (AddParameter): Name = "Overload Voltage (Max)"; Value = "50V"; VariantName = "[No Variations]"
Add component (AddParameter): Name = "Power(Watts)"; Value = "62.5mW"; VariantName = "[No Variations]"
Add component (AddParameter): Name = "Supplier"; Value = "LCSC"; VariantName = "[No Variations]"
Add component (AddParameter): Name = "Supplier Footprint"; Value = "0402"; VariantName = "[No Variations]"
Add component (AddParameter): Name = "Supplier Part"; Value = "C25744"; VariantName = "[No Variations]"
Add component (AddParameter): Name = "Symbol"; Value = "0402WGF1002TCE"; VariantName = "[No Variations]"
Add component (AddParameter): Name = "Temperature Coefficient"; Value = "±100ppm/℃"; VariantName = "[No Variations]"
Add component (AddParameter): Name = "Tolerance"; Value = "±1%"; VariantName = "[No Variations]"
Add component (AddParameter): Name = "Type"; Value = "厚膜电阻"; VariantName = "[No Variations]"
Add component (AddParameter): Name = "Value"; Value = "10kΩ"; VariantName = "[No Variations]"
Added Component: Designator=R52(0402_R)
Add component (AddParameter): Name = "Add into BOM"; Value = "yes"; VariantName = "[No Variations]"
Add component (AddParameter): Name = "Convert to PCB"; Value = "yes"; VariantName = "[No Variations]"
Add component (AddParameter): Name = "Datasheet"; Value = "https://item.szlcsc.com/datasheet/0402WGF4702TCE/26535.html"; VariantName = "[No Variations]"
Add component (AddParameter): Name = "Device"; Value = "0402WGF4702TCE"; VariantName = "[No Variations]"
Add component (AddParameter): Name = "JLCPCB Part Class"; Value = "Basic Part"; VariantName = "[No Variations]"
Add component (AddParameter): Name = "LCSC Part Name"; Value = "47kΩ ±1% 62.5mW 厚膜电阻"; VariantName = "[No Variations]"
Add component (AddParameter): Name = "Manufacturer"; Value = "UNI-ROYAL(厚声)"; VariantName = "[No Variations]"
Add component (AddParameter): Name = "Manufacturer Part"; Value = "0402WGF4702TCE"; VariantName = "[No Variations]"
Add component (AddParameter): Name = "Operating Temperature"; Value = "-55℃~+155℃"; VariantName = "[No Variations]"
Add component (AddParameter): Name = "Power(Watts)"; Value = "62.5mW"; VariantName = "[No Variations]"
Add component (AddParameter): Name = "Supplier"; Value = "LCSC"; VariantName = "[No Variations]"
Add component (AddParameter): Name = "Supplier Footprint"; Value = "0402"; VariantName = "[No Variations]"
Add component (AddParameter): Name = "Supplier Part"; Value = "C25792"; VariantName = "[No Variations]"
Add component (AddParameter): Name = "Symbol"; Value = "0402WGF4702TCE"; VariantName = "[No Variations]"
Add component (AddParameter): Name = "Temperature Coefficient"; Value = "±100ppm/℃"; VariantName = "[No Variations]"
Add component (AddParameter): Name = "Tolerance"; Value = "±1%"; VariantName = "[No Variations]"
Add component (AddParameter): Name = "Type"; Value = "厚膜电阻"; VariantName = "[No Variations]"
Add component (AddParameter): Name = "Value"; Value = "47kΩ"; VariantName = "[No Variations]"
Add component (AddParameter): Name = "Voltage-Supply(Max)"; Value = "50V"; VariantName = "[No Variations]"
Added Component: Designator=R53(0402_R)
Add component (AddParameter): Name = "Add into BOM"; Value = "yes"; VariantName = "[No Variations]"
Add component (AddParameter): Name = "Convert to PCB"; Value = "yes"; VariantName = "[No Variations]"
Add component (AddParameter): Name = "Datasheet"; Value = "https://item.szlcsc.com/datasheet/0402WGF4702TCE/26535.html"; VariantName = "[No Variations]"
Add component (AddParameter): Name = "Device"; Value = "0402WGF4702TCE"; VariantName = "[No Variations]"
Add component (AddParameter): Name = "JLCPCB Part Class"; Value = "Basic Part"; VariantName = "[No Variations]"
Add component (AddParameter): Name = "LCSC Part Name"; Value = "47kΩ ±1% 62.5mW 厚膜电阻"; VariantName = "[No Variations]"
Add component (AddParameter): Name = "Manufacturer"; Value = "UNI-ROYAL(厚声)"; VariantName = "[No Variations]"
Add component (AddParameter): Name = "Manufacturer Part"; Value = "0402WGF4702TCE"; VariantName = "[No Variations]"
Add component (AddParameter): Name = "Operating Temperature"; Value = "-55℃~+155℃"; VariantName = "[No Variations]"
Add component (AddParameter): Name = "Power(Watts)"; Value = "62.5mW"; VariantName = "[No Variations]"
Add component (AddParameter): Name = "Supplier"; Value = "LCSC"; VariantName = "[No Variations]"
Add component (AddParameter): Name = "Supplier Footprint"; Value = "0402"; VariantName = "[No Variations]"
Add component (AddParameter): Name = "Supplier Part"; Value = "C25792"; VariantName = "[No Variations]"
Add component (AddParameter): Name = "Symbol"; Value = "0402WGF4702TCE"; VariantName = "[No Variations]"
Add component (AddParameter): Name = "Temperature Coefficient"; Value = "±100ppm/℃"; VariantName = "[No Variations]"
Add component (AddParameter): Name = "Tolerance"; Value = "±1%"; VariantName = "[No Variations]"
Add component (AddParameter): Name = "Type"; Value = "厚膜电阻"; VariantName = "[No Variations]"
Add component (AddParameter): Name = "Value"; Value = "47kΩ"; VariantName = "[No Variations]"
Add component (AddParameter): Name = "Voltage-Supply(Max)"; Value = "50V"; VariantName = "[No Variations]"
Added Component: Designator=R54(0402_R)
Add component (AddParameter): Name = "Add into BOM"; Value = "yes"; VariantName = "[No Variations]"
Add component (AddParameter): Name = "Convert to PCB"; Value = "yes"; VariantName = "[No Variations]"
Add component (AddParameter): Name = "Datasheet"; Value = "https://atta.szlcsc.com/upload/public/pdf/source/20200306/C422600_1E6D84923E4A46A82E41ADD87F860B5C.pdf"; VariantName = "[No Variations]"
Add component (AddParameter): Name = "Device"; Value = "0402WGF1002TCE"; VariantName = "[No Variations]"
Add component (AddParameter): Name = "JLCPCB Part Class"; Value = "Basic Part"; VariantName = "[No Variations]"
Add component (AddParameter): Name = "LCSC Part Name"; Value = "10kΩ ±1% 62.5mW"; VariantName = "[No Variations]"
Add component (AddParameter): Name = "Manufacturer"; Value = "UNI-ROYAL(厚声)"; VariantName = "[No Variations]"
Add component (AddParameter): Name = "Manufacturer Part"; Value = "0402WGF1002TCE"; VariantName = "[No Variations]"
Add component (AddParameter): Name = "Name"; Value = "10kΩ"; VariantName = "[No Variations]"
Add component (AddParameter): Name = "Operating Temperature Range"; Value = "-55℃~+155℃"; VariantName = "[No Variations]"
Add component (AddParameter): Name = "Overload Voltage (Max)"; Value = "50V"; VariantName = "[No Variations]"
Add component (AddParameter): Name = "Power(Watts)"; Value = "62.5mW"; VariantName = "[No Variations]"
Add component (AddParameter): Name = "Supplier"; Value = "LCSC"; VariantName = "[No Variations]"
Add component (AddParameter): Name = "Supplier Footprint"; Value = "0402"; VariantName = "[No Variations]"
Add component (AddParameter): Name = "Supplier Part"; Value = "C25744"; VariantName = "[No Variations]"
Add component (AddParameter): Name = "Symbol"; Value = "0402WGF1002TCE"; VariantName = "[No Variations]"
Add component (AddParameter): Name = "Temperature Coefficient"; Value = "±100ppm/℃"; VariantName = "[No Variations]"
Add component (AddParameter): Name = "Tolerance"; Value = "±1%"; VariantName = "[No Variations]"
Add component (AddParameter): Name = "Type"; Value = "厚膜电阻"; VariantName = "[No Variations]"
Add component (AddParameter): Name = "Value"; Value = "10kΩ"; VariantName = "[No Variations]"
Added Component: Designator=R55(0402_R)
Add component (AddParameter): Name = "Add into BOM"; Value = "yes"; VariantName = "[No Variations]"
Add component (AddParameter): Name = "Convert to PCB"; Value = "yes"; VariantName = "[No Variations]"
Add component (AddParameter): Name = "Datasheet"; Value = "https://atta.szlcsc.com/upload/public/pdf/source/20200306/C422600_1E6D84923E4A46A82E41ADD87F860B5C.pdf"; VariantName = "[No Variations]"
Add component (AddParameter): Name = "Device"; Value = "0402WGF1002TCE"; VariantName = "[No Variations]"
Add component (AddParameter): Name = "JLCPCB Part Class"; Value = "Basic Part"; VariantName = "[No Variations]"
Add component (AddParameter): Name = "LCSC Part Name"; Value = "10kΩ ±1% 62.5mW"; VariantName = "[No Variations]"
Add component (AddParameter): Name = "Manufacturer"; Value = "UNI-ROYAL(厚声)"; VariantName = "[No Variations]"
Add component (AddParameter): Name = "Manufacturer Part"; Value = "0402WGF1002TCE"; VariantName = "[No Variations]"
Add component (AddParameter): Name = "Name"; Value = "10kΩ"; VariantName = "[No Variations]"
Add component (AddParameter): Name = "Operating Temperature Range"; Value = "-55℃~+155℃"; VariantName = "[No Variations]"
Add component (AddParameter): Name = "Overload Voltage (Max)"; Value = "50V"; VariantName = "[No Variations]"
Add component (AddParameter): Name = "Power(Watts)"; Value = "62.5mW"; VariantName = "[No Variations]"
Add component (AddParameter): Name = "Supplier"; Value = "LCSC"; VariantName = "[No Variations]"
Add component (AddParameter): Name = "Supplier Footprint"; Value = "0402"; VariantName = "[No Variations]"
Add component (AddParameter): Name = "Supplier Part"; Value = "C25744"; VariantName = "[No Variations]"
Add component (AddParameter): Name = "Symbol"; Value = "0402WGF1002TCE"; VariantName = "[No Variations]"
Add component (AddParameter): Name = "Temperature Coefficient"; Value = "±100ppm/℃"; VariantName = "[No Variations]"
Add component (AddParameter): Name = "Tolerance"; Value = "±1%"; VariantName = "[No Variations]"
Add component (AddParameter): Name = "Type"; Value = "厚膜电阻"; VariantName = "[No Variations]"
Add component (AddParameter): Name = "Value"; Value = "10kΩ"; VariantName = "[No Variations]"
Added Component: Designator=U1(ESOP-8_L4.9-W3.9-P1.27-LS6.0-BL-EP)
Add component (AddParameter): Name = "Add into BOM"; Value = "yes"; VariantName = "[No Variations]"
Add component (AddParameter): Name = "Convert to PCB"; Value = "yes"; VariantName = "[No Variations]"
Add component (AddParameter): Name = "Datasheet"; Value = "https://atta.szlcsc.com/upload/public/pdf/source/20211011/37515E71BA298E23D23475482C49633D.pdf"; VariantName = "[No Variations]"
Add component (AddParameter): Name = "Device"; Value = "TP4056_C725790"; VariantName = "[No Variations]"
Add component (AddParameter): Name = "JLCPCB Part Class"; Value = "Extended Part"; VariantName = "[No Variations]"
Add component (AddParameter): Name = "LCSC Part Name"; Value = "TP4056"; VariantName = "[No Variations]"
Add component (AddParameter): Name = "Manufacturer"; Value = "UMW(友台半导体)"; VariantName = "[No Variations]"
Add component (AddParameter): Name = "Manufacturer Part"; Value = "TP4056"; VariantName = "[No Variations]"
Add component (AddParameter): Name = "Name"; Value = "TP4056"; VariantName = "[No Variations]"
Add component (AddParameter): Name = "Supplier"; Value = "LCSC"; VariantName = "[No Variations]"
Add component (AddParameter): Name = "Supplier Footprint"; Value = "ESOP-8"; VariantName = "[No Variations]"
Add component (AddParameter): Name = "Supplier Part"; Value = "C725790"; VariantName = "[No Variations]"
Add component (AddParameter): Name = "Symbol"; Value = "TP4056_C725790"; VariantName = "[No Variations]"
Added Component: Designator=U2(QFN-24_L4.0-W4.0-P0.50-BL-EP2.6)
Add component (AddParameter): Name = "Add into BOM"; Value = "yes"; VariantName = "[No Variations]"
Add component (AddParameter): Name = "Applications Function"; Value = "PHY收发器"; VariantName = "[No Variations]"
Add component (AddParameter): Name = "Convert to PCB"; Value = "yes"; VariantName = "[No Variations]"
Add component (AddParameter): Name = "Datasheet"; Value = "https://item.szlcsc.com/datasheet/LAN8720A-CP-TR/46225.html"; VariantName = "[No Variations]"
Add component (AddParameter): Name = "Device"; Value = "LAN8720A-CP-TR"; VariantName = "[No Variations]"
Add component (AddParameter): Name = "Interface"; Value = "RMII"; VariantName = "[No Variations]"
Add component (AddParameter): Name = "JLCPCB Part Class"; Value = "Extended Part"; VariantName = "[No Variations]"
Add component (AddParameter): Name = "LCSC Part Name"; Value = "小型RMIl 10/100以太网收发器，支持HP Auto-MDIX"; VariantName = "[No Variations]"
Add component (AddParameter): Name = "Manufacturer"; Value = "MICROCHIP(美国微芯)"; VariantName = "[No Variations]"
Add component (AddParameter): Name = "Manufacturer Part"; Value = "LAN8720A-CP-TR"; VariantName = "[No Variations]"
Add component (AddParameter): Name = "Number of Channels"; Value = "-"; VariantName = "[No Variations]"
Add component (AddParameter): Name = "Operating Temperature"; Value = "0℃~+85℃"; VariantName = "[No Variations]"
Add component (AddParameter): Name = "Supplier"; Value = "LCSC"; VariantName = "[No Variations]"
Add component (AddParameter): Name = "Supplier Footprint"; Value = "QFN-24-EP(4x4)"; VariantName = "[No Variations]"
Add component (AddParameter): Name = "Supplier Part"; Value = "C45223"; VariantName = "[No Variations]"
Add component (AddParameter): Name = "Symbol"; Value = "LAN8720A-CP-TR"; VariantName = "[No Variations]"
Add component (AddParameter): Name = "Voltage - Supply"; Value = "1.6V~3.6V"; VariantName = "[No Variations]"
Added Component: Designator=U3(SOT-89-3_L4.5-W2.5-P1.50-LS4.2-BR)
Add component (AddParameter): Name = "Add into BOM"; Value = "yes"; VariantName = "[No Variations]"
Add component (AddParameter): Name = "Convert to PCB"; Value = "yes"; VariantName = "[No Variations]"
Add component (AddParameter): Name = "Datasheet"; Value = "https://item.szlcsc.com/datasheet/AMS1117-3.3V/5706251.html"; VariantName = "[No Variations]"
Add component (AddParameter): Name = "Device"; Value = "AMS1117-3.3V_C5120796"; VariantName = "[No Variations]"
Add component (AddParameter): Name = "JLCPCB Part Class"; Value = "Extended Part"; VariantName = "[No Variations]"
Add component (AddParameter): Name = "LCSC Part Name"; Value = "输入18V 输出3.3V 1A"; VariantName = "[No Variations]"
Add component (AddParameter): Name = "Manufacturer"; Value = "MSKSEMI(美森科)"; VariantName = "[No Variations]"
Add component (AddParameter): Name = "Manufacturer Part"; Value = "AMS1117-3.3V"; VariantName = "[No Variations]"
Add component (AddParameter): Name = "Number of Outputs"; Value = "1"; VariantName = "[No Variations]"
Add component (AddParameter): Name = "Operating Temperature"; Value = "0℃~+125℃"; VariantName = "[No Variations]"
Add component (AddParameter): Name = "Output Configuration"; Value = "正极"; VariantName = "[No Variations]"
Add component (AddParameter): Name = "Output Current"; Value = "1A"; VariantName = "[No Variations]"
Add component (AddParameter): Name = "Output Type"; Value = "固定"; VariantName = "[No Variations]"
Add component (AddParameter): Name = "Output Voltage"; Value = "3.3V"; VariantName = "[No Variations]"
Add component (AddParameter): Name = "standby current"; Value = "12mA"; VariantName = "[No Variations]"
Add component (AddParameter): Name = "Supplier"; Value = "LCSC"; VariantName = "[No Variations]"
Add component (AddParameter): Name = "Supplier Footprint"; Value = "SOT-89"; VariantName = "[No Variations]"
Add component (AddParameter): Name = "Supplier Part"; Value = "C5120796"; VariantName = "[No Variations]"
Add component (AddParameter): Name = "Symbol"; Value = "AMS1117-3.3V_C5120796"; VariantName = "[No Variations]"
Add component (AddParameter): Name = "Voltage - Supply"; Value = "18V"; VariantName = "[No Variations]"
Add component (AddParameter): Name = "Voltage Dropout"; Value = "1.4V@(1A)"; VariantName = "[No Variations]"
Added Component: Designator=U4(SOT-89-3_L4.5-W2.5-P1.50-LS4.2-BR)
Add component (AddParameter): Name = "Add into BOM"; Value = "yes"; VariantName = "[No Variations]"
Add component (AddParameter): Name = "Convert to PCB"; Value = "yes"; VariantName = "[No Variations]"
Add component (AddParameter): Name = "Datasheet"; Value = "https://item.szlcsc.com/datasheet/AMS1117-3.3V/5706251.html"; VariantName = "[No Variations]"
Add component (AddParameter): Name = "Device"; Value = "AMS1117-3.3V_C5120796"; VariantName = "[No Variations]"
Add component (AddParameter): Name = "JLCPCB Part Class"; Value = "Extended Part"; VariantName = "[No Variations]"
Add component (AddParameter): Name = "LCSC Part Name"; Value = "输入18V 输出3.3V 1A"; VariantName = "[No Variations]"
Add component (AddParameter): Name = "Manufacturer"; Value = "MSKSEMI(美森科)"; VariantName = "[No Variations]"
Add component (AddParameter): Name = "Manufacturer Part"; Value = "AMS1117-3.3V"; VariantName = "[No Variations]"
Add component (AddParameter): Name = "Number of Outputs"; Value = "1"; VariantName = "[No Variations]"
Add component (AddParameter): Name = "Operating Temperature"; Value = "0℃~+125℃"; VariantName = "[No Variations]"
Add component (AddParameter): Name = "Output Configuration"; Value = "正极"; VariantName = "[No Variations]"
Add component (AddParameter): Name = "Output Current"; Value = "1A"; VariantName = "[No Variations]"
Add component (AddParameter): Name = "Output Type"; Value = "固定"; VariantName = "[No Variations]"
Add component (AddParameter): Name = "Output Voltage"; Value = "3.3V"; VariantName = "[No Variations]"
Add component (AddParameter): Name = "standby current"; Value = "12mA"; VariantName = "[No Variations]"
Add component (AddParameter): Name = "Supplier"; Value = "LCSC"; VariantName = "[No Variations]"
Add component (AddParameter): Name = "Supplier Footprint"; Value = "SOT-89"; VariantName = "[No Variations]"
Add component (AddParameter): Name = "Supplier Part"; Value = "C5120796"; VariantName = "[No Variations]"
Add component (AddParameter): Name = "Symbol"; Value = "AMS1117-3.3V_C5120796"; VariantName = "[No Variations]"
Add component (AddParameter): Name = "Voltage - Supply"; Value = "18V"; VariantName = "[No Variations]"
Add component (AddParameter): Name = "Voltage Dropout"; Value = "1.4V@(1A)"; VariantName = "[No Variations]"
Added Component: Designator=U5(DX-WF24-SMT)
Add component (AddParameter): Name = "PCB DECAL"; Value = "DX-WF24"; VariantName = "[No Variations]"
Added Component: Designator=U6(SOIC-8_L5.3-W5.3-P1.27-LS8.0-BL)
Add component (AddParameter): Name = "Add into BOM"; Value = "yes"; VariantName = "[No Variations]"
Add component (AddParameter): Name = "Block Erase Time(tBE)"; Value = "120ms@(32KB)"; VariantName = "[No Variations]"
Add component (AddParameter): Name = "Clock Frequency"; Value = "133MHz"; VariantName = "[No Variations]"
Add component (AddParameter): Name = "Convert to PCB"; Value = "yes"; VariantName = "[No Variations]"
Add component (AddParameter): Name = "Data Retention - TDR (Year)"; Value = "20年"; VariantName = "[No Variations]"
Add component (AddParameter): Name = "Datasheet"; Value = "https://item.szlcsc.com/datasheet/W25Q128JVSIQ/98729.html"; VariantName = "[No Variations]"
Add component (AddParameter): Name = "Device"; Value = "W25Q128JVSIQ"; VariantName = "[No Variations]"
Add component (AddParameter): Name = "Interface"; Value = "SPI"; VariantName = "[No Variations]"
Add component (AddParameter): Name = "JLCPCB Part Class"; Value = "Basic Part"; VariantName = "[No Variations]"
Add component (AddParameter): Name = "LCSC Part Name"; Value = "编带 支持双路/四路SPI接口的3V、128Mbit 串行闪存"; VariantName = "[No Variations]"
Add component (AddParameter): Name = "Manufacturer"; Value = "Winbond(华邦)"; VariantName = "[No Variations]"
Add component (AddParameter): Name = "Manufacturer Part"; Value = "W25Q128JVSIQ"; VariantName = "[No Variations]"
Add component (AddParameter): Name = "Memory Size"; Value = "128Mbit"; VariantName = "[No Variations]"
Add component (AddParameter): Name = "Operating Temperature"; Value = "-40℃~+85℃"; VariantName = "[No Variations]"
Add component (AddParameter): Name = "Page Programming Time (Tpp)"; Value = "3ms"; VariantName = "[No Variations]"
Add component (AddParameter): Name = "Program / Erase Cycles"; Value = "100000次"; VariantName = "[No Variations]"
Add component (AddParameter): Name = "Standby Supply Current"; Value = "1uA"; VariantName = "[No Variations]"
Add component (AddParameter): Name = "Supplier"; Value = "LCSC"; VariantName = "[No Variations]"
Add component (AddParameter): Name = "Supplier Footprint"; Value = "SOIC-8-208mil"; VariantName = "[No Variations]"
Add component (AddParameter): Name = "Supplier Part"; Value = "C97521"; VariantName = "[No Variations]"
Add component (AddParameter): Name = "Symbol"; Value = "W25Q128JVSIQTR"; VariantName = "[No Variations]"
Add component (AddParameter): Name = "Voltage - Supply"; Value = "2.7V~3.6V"; VariantName = "[No Variations]"
Added Component: Designator=U7(TSOP-54_L22.2-W10.2-P0.80-LS11.8-BL)
Add component (AddParameter): Name = "Add into BOM"; Value = "yes"; VariantName = "[No Variations]"
Add component (AddParameter): Name = "Clock Frequency"; Value = "166MHz"; VariantName = "[No Variations]"
Add component (AddParameter): Name = "Convert to PCB"; Value = "yes"; VariantName = "[No Variations]"
Add component (AddParameter): Name = "Datasheet"; Value = "https://item.szlcsc.com/datasheet/W9825G6KH-6/63303.html"; VariantName = "[No Variations]"
Add component (AddParameter): Name = "Device"; Value = "W9825G6KH-6"; VariantName = "[No Variations]"
Add component (AddParameter): Name = "JLCPCB Part Class"; Value = "Extended Part"; VariantName = "[No Variations]"
Add component (AddParameter): Name = "LCSC Part Name"; Value = "4M×4存储体×16位SDRAM"; VariantName = "[No Variations]"
Add component (AddParameter): Name = "Manufacturer"; Value = "Winbond(华邦)"; VariantName = "[No Variations]"
Add component (AddParameter): Name = "Manufacturer Part"; Value = "W9825G6KH-6"; VariantName = "[No Variations]"
Add component (AddParameter): Name = "Memory Size"; Value = "256Mbit"; VariantName = "[No Variations]"
Add component (AddParameter): Name = "Operating Temperature"; Value = "0℃~+70℃"; VariantName = "[No Variations]"
Add component (AddParameter): Name = "Supplier"; Value = "LCSC"; VariantName = "[No Variations]"
Add component (AddParameter): Name = "Supplier Footprint"; Value = "TSOP-54-10.2mm"; VariantName = "[No Variations]"
Add component (AddParameter): Name = "Supplier Part"; Value = "C62246"; VariantName = "[No Variations]"
Add component (AddParameter): Name = "Symbol"; Value = "W9825G6KH-6"; VariantName = "[No Variations]"
Add component (AddParameter): Name = "Voltage - Supply"; Value = "3V~3.6V"; VariantName = "[No Variations]"
Added Component: Designator=U8(LQFP-176_L24.0-W24.0-P0.50-LS26.0-BL)
Add component (AddParameter): Name = "ADC (Bit)"; Value = "12bit"; VariantName = "[No Variations]"
Add component (AddParameter): Name = "Add into BOM"; Value = "yes"; VariantName = "[No Variations]"
Add component (AddParameter): Name = "Applications"; Value = "-"; VariantName = "[No Variations]"
Add component (AddParameter): Name = "Convert to PCB"; Value = "yes"; VariantName = "[No Variations]"
Add component (AddParameter): Name = "CPU Core"; Value = "ARM-M4"; VariantName = "[No Variations]"
Add component (AddParameter): Name = "CPU Maximum Speed"; Value = "180MHz"; VariantName = "[No Variations]"
Add component (AddParameter): Name = "DAC (Bit)"; Value = "12bit"; VariantName = "[No Variations]"
Add component (AddParameter): Name = "Datasheet"; Value = "https://item.szlcsc.com/datasheet/STM32F429IGT6/55346.html"; VariantName = "[No Variations]"
Add component (AddParameter): Name = "Device"; Value = "STM32F429IGT6"; VariantName = "[No Variations]"
Add component (AddParameter): Name = "JLCPCB Part Class"; Value = "Extended Part"; VariantName = "[No Variations]"
Add component (AddParameter): Name = "LCSC Part Name"; Value = "带DSP和FPU的高性能高级系列ARM Cortex-M4 MCU，具有1 MB Flash、180 MHz CPU、ART加速器、Chrom-ART加速器、TFT、带SDRAM的FMC和TFT"; VariantName = "[No Variations]"
Add component (AddParameter): Name = "Manufacturer"; Value = "ST(意法半导体)"; VariantName = "[No Variations]"
Add component (AddParameter): Name = "Manufacturer Part"; Value = "STM32F429IGT6"; VariantName = "[No Variations]"
Add component (AddParameter): Name = "Number of I/O"; Value = "140"; VariantName = "[No Variations]"
Add component (AddParameter): Name = "Program Memory Type"; Value = "FLASH"; VariantName = "[No Variations]"
Add component (AddParameter): Name = "Program Storage Size"; Value = "1MB"; VariantName = "[No Variations]"
Add component (AddParameter): Name = "Supplier"; Value = "LCSC"; VariantName = "[No Variations]"
Add component (AddParameter): Name = "Supplier Footprint"; Value = "LQFP-176(24x24)"; VariantName = "[No Variations]"
Add component (AddParameter): Name = "Supplier Part"; Value = "C54328"; VariantName = "[No Variations]"
Add component (AddParameter): Name = "Symbol"; Value = "STM32F429IGT6"; VariantName = "[No Variations]"
Add component (AddParameter): Name = "Voltage - Supply"; Value = "1.8V~3.6V"; VariantName = "[No Variations]"
Added Component: Designator=USB1(TYPE-C-SMD_TYPE-C-6P)
Add component (AddParameter): Name = "Add into BOM"; Value = "yes"; VariantName = "[No Variations]"
Add component (AddParameter): Name = "Connect-Disconnect Life"; Value = "3千次"; VariantName = "[No Variations]"
Add component (AddParameter): Name = "Connector Type"; Value = "Type-C"; VariantName = "[No Variations]"
Add component (AddParameter): Name = "Convert to PCB"; Value = "yes"; VariantName = "[No Variations]"
Add component (AddParameter): Name = "Core Colour"; Value = "黑色"; VariantName = "[No Variations]"
Add component (AddParameter): Name = "Current Rating - Power (Max)"; Value = "5A"; VariantName = "[No Variations]"
Add component (AddParameter): Name = "Datasheet"; Value = "https://atta.szlcsc.com/upload/public/pdf/source/20201203/C456012_B13F72044DF846EDBE9BDD0D1D3CD166.pdf"; VariantName = "[No Variations]"
Add component (AddParameter): Name = "Device"; Value = "TYPE-C 6P"; VariantName = "[No Variations]"
Add component (AddParameter): Name = "Gender"; Value = "母"; VariantName = "[No Variations]"
Add component (AddParameter): Name = "JLCPCB Part Class"; Value = "Extended Part"; VariantName = "[No Variations]"
Add component (AddParameter): Name = "LCSC Part Name"; Value = "Type-C 母 卧贴"; VariantName = "[No Variations]"
Add component (AddParameter): Name = "Manufacturer"; Value = "SHOU HAN(首韩)"; VariantName = "[No Variations]"
Add component (AddParameter): Name = "Manufacturer Part"; Value = "TYPE-C 6P"; VariantName = "[No Variations]"
Add component (AddParameter): Name = "Mounting Style"; Value = "卧贴"; VariantName = "[No Variations]"
Add component (AddParameter): Name = "Number of Contacts"; Value = "6P"; VariantName = "[No Variations]"
Add component (AddParameter): Name = "Number of Ports"; Value = "1"; VariantName = "[No Variations]"
Add component (AddParameter): Name = "Operating Temperature Range"; Value = "-40℃~+85℃"; VariantName = "[No Variations]"
Add component (AddParameter): Name = "Rated Voltage (Max)"; Value = "20V"; VariantName = "[No Variations]"
Add component (AddParameter): Name = "Standard"; Value = "USB 3.1"; VariantName = "[No Variations]"
Add component (AddParameter): Name = "Supplier"; Value = "LCSC"; VariantName = "[No Variations]"
Add component (AddParameter): Name = "Supplier Footprint"; Value = "SMD"; VariantName = "[No Variations]"
Add component (AddParameter): Name = "Supplier Part"; Value = "C456012"; VariantName = "[No Variations]"
Add component (AddParameter): Name = "Symbol"; Value = "TYPE-C 6P"; VariantName = "[No Variations]"
Added Component: Designator=X1(SMD-3225_4P)
Add component (AddParameter): Name = "Designer"; Value = "U?"; VariantName = "[No Variations]"
Add component (AddParameter): Name = "Device"; Value = "X322516MLB4SI"; VariantName = "[No Variations]"
Add component (AddParameter): Name = "Name"; Value = ""; VariantName = "[No Variations]"
Add component (AddParameter): Name = "Symbol"; Value = "X322516MLB4SI"; VariantName = "[No Variations]"
Added Component: Designator=X2(SMD-3225_4P)
Add component (AddParameter): Name = "Designer"; Value = "U?"; VariantName = "[No Variations]"
Add component (AddParameter): Name = "Device"; Value = "X322516MLB4SI"; VariantName = "[No Variations]"
Add component (AddParameter): Name = "Name"; Value = ""; VariantName = "[No Variations]"
Add component (AddParameter): Name = "Symbol"; Value = "X322516MLB4SI"; VariantName = "[No Variations]"
Added Component: Designator=X3(SMD3225-2P)
Add component (AddParameter): Name = "Add into BOM"; Value = "yes"; VariantName = "[No Variations]"
Add component (AddParameter): Name = "Convert to PCB"; Value = "yes"; VariantName = "[No Variations]"
Add component (AddParameter): Name = "Datasheet"; Value = "https://item.szlcsc.com/datasheet/XTF32032768JT00351011/39361295.html"; VariantName = "[No Variations]"
Add component (AddParameter): Name = "Device"; Value = "XTF32032768JT00351011"; VariantName = "[No Variations]"
Add component (AddParameter): Name = "Equivalent Series Resistance(ESR)"; Value = "70kΩ"; VariantName = "[No Variations]"
Add component (AddParameter): Name = "JLCPCB Part Class"; Value = "Extended Part"; VariantName = "[No Variations]"
Add component (AddParameter): Name = "LCSC Part Name"; Value = "32.768KHz 2P 3215 12pF ±10ppm -40~+85℃(-0.04ppm/℃^2)"; VariantName = "[No Variations]"
Add component (AddParameter): Name = "Load Capacitance"; Value = "12pF"; VariantName = "[No Variations]"
Add component (AddParameter): Name = "Manufacturer"; Value = "同晶"; VariantName = "[No Variations]"
Add component (AddParameter): Name = "Manufacturer Part"; Value = "XTF32032768JT00351011"; VariantName = "[No Variations]"
Add component (AddParameter): Name = "Normal temperature Frequency Tolerance"; Value = "±10ppm"; VariantName = "[No Variations]"
Add component (AddParameter): Name = "Supplier"; Value = "LCSC"; VariantName = "[No Variations]"
Add component (AddParameter): Name = "Supplier Footprint"; Value = "SMD3215-2P"; VariantName = "[No Variations]"
Add component (AddParameter): Name = "Supplier Part"; Value = "C37635363"; VariantName = "[No Variations]"
Add component (AddParameter): Name = "Symbol"; Value = "XTF32032768JT00351011"; VariantName = "[No Variations]"
Add component (AddParameter): Name = "Type"; Value = "贴片晶振"; VariantName = "[No Variations]"
Add component (AddParameter): Name = "Value"; Value = "32.768kHz"; VariantName = "[No Variations]"
Added Pin To Net: NetName=B0 Pin=J5-21
Added Pin To Net: NetName=B0 Pin=U8-3
Added Net: Name=B0
Added Pin To Net: NetName=B1 Pin=J5-22
Added Pin To Net: NetName=B1 Pin=U8-155
Added Net: Name=B1
Added Pin To Net: NetName=B2 Pin=J5-23
Added Pin To Net: NetName=B2 Pin=U8-153
Added Net: Name=B2
Added Pin To Net: NetName=B3 Pin=J5-24
Added Pin To Net: NetName=B3 Pin=U8-154
Added Net: Name=B3
Added Pin To Net: NetName=B4 Pin=J5-25
Added Pin To Net: NetName=B4 Pin=U8-173
Added Net: Name=B4
Added Pin To Net: NetName=B5 Pin=J5-26
Added Pin To Net: NetName=B5 Pin=U8-174
Added Net: Name=B5
Added Pin To Net: NetName=B6 Pin=J5-27
Added Pin To Net: NetName=B6 Pin=U8-175
Added Net: Name=B6
Added Pin To Net: NetName=B7 Pin=J5-28
Added Pin To Net: NetName=B7 Pin=U8-176
Added Net: Name=B7
Added Pin To Net: NetName=BAT_VOL Pin=R52-1
Added Pin To Net: NetName=BAT_VOL Pin=R53-2
Added Pin To Net: NetName=BAT_VOL Pin=U8-52
Added Net: Name=BAT_VOL
Added Pin To Net: NetName=BOOT0 Pin=R50-1
Added Pin To Net: NetName=BOOT0 Pin=U8-166
Added Net: Name=BOOT0
Added Pin To Net: NetName=BOOT1 Pin=R51-1
Added Pin To Net: NetName=BOOT1 Pin=U8-58
Added Net: Name=BOOT1
Added Pin To Net: NetName=CLK Pin=J5-30
Added Pin To Net: NetName=CLK Pin=U8-111
Added Net: Name=CLK
Added Pin To Net: NetName=CS Pin=J5-40
Added Pin To Net: NetName=CS Pin=U8-168
Added Net: Name=CS
Added Pin To Net: NetName=DEN Pin=J5-34
Added Pin To Net: NetName=DEN Pin=U8-28
Added Net: Name=DEN
Added Pin To Net: NetName=ETH_MDC Pin=U2-13
Added Pin To Net: NetName=ETH_MDC Pin=U8-33
Added Net: Name=ETH_MDC
Added Pin To Net: NetName=ETH_MDIO Pin=R6-1
Added Pin To Net: NetName=ETH_MDIO Pin=U8-42
Added Net: Name=ETH_MDIO
Added Pin To Net: NetName=ETH_RESET Pin=U2-15
Added Pin To Net: NetName=ETH_RESET Pin=U8-99
Added Net: Name=ETH_RESET
Added Pin To Net: NetName=FMC_A0 Pin=U7-23
Added Pin To Net: NetName=FMC_A0 Pin=U8-16
Added Net: Name=FMC_A0
Added Pin To Net: NetName=FMC_A1 Pin=U7-24
Added Pin To Net: NetName=FMC_A1 Pin=U8-17
Added Net: Name=FMC_A1
Added Pin To Net: NetName=FMC_A2 Pin=U7-25
Added Pin To Net: NetName=FMC_A2 Pin=U8-18
Added Net: Name=FMC_A2
Added Pin To Net: NetName=FMC_A3 Pin=U7-26
Added Pin To Net: NetName=FMC_A3 Pin=U8-19
Added Net: Name=FMC_A3
Added Pin To Net: NetName=FMC_A4 Pin=U7-29
Added Pin To Net: NetName=FMC_A4 Pin=U8-20
Added Net: Name=FMC_A4
Added Pin To Net: NetName=FMC_A5 Pin=U7-30
Added Pin To Net: NetName=FMC_A5 Pin=U8-21
Added Net: Name=FMC_A5
Added Pin To Net: NetName=FMC_A6 Pin=U7-31
Added Pin To Net: NetName=FMC_A6 Pin=U8-60
Added Net: Name=FMC_A6
Added Pin To Net: NetName=FMC_A7 Pin=U7-32
Added Pin To Net: NetName=FMC_A7 Pin=U8-63
Added Net: Name=FMC_A7
Added Pin To Net: NetName=FMC_A8 Pin=U7-33
Added Pin To Net: NetName=FMC_A8 Pin=U8-64
Added Net: Name=FMC_A8
Added Pin To Net: NetName=FMC_A9 Pin=U7-34
Added Pin To Net: NetName=FMC_A9 Pin=U8-65
Added Net: Name=FMC_A9
Added Pin To Net: NetName=FMC_A10 Pin=U7-22
Added Pin To Net: NetName=FMC_A10 Pin=U8-66
Added Net: Name=FMC_A10
Added Pin To Net: NetName=FMC_A11 Pin=U7-35
Added Pin To Net: NetName=FMC_A11 Pin=U8-67
Added Net: Name=FMC_A11
Added Pin To Net: NetName=FMC_A12 Pin=U7-36
Added Pin To Net: NetName=FMC_A12 Pin=U8-106
Added Net: Name=FMC_A12
Added Pin To Net: NetName=FMC_BA0 Pin=U7-20
Added Pin To Net: NetName=FMC_BA0 Pin=U8-108
Added Net: Name=FMC_BA0
Added Pin To Net: NetName=FMC_BA1 Pin=U7-21
Added Pin To Net: NetName=FMC_BA1 Pin=U8-109
Added Net: Name=FMC_BA1
Added Pin To Net: NetName=FMC_D0 Pin=U7-2
Added Pin To Net: NetName=FMC_D0 Pin=U8-104
Added Net: Name=FMC_D0
Added Pin To Net: NetName=FMC_D1 Pin=U7-4
Added Pin To Net: NetName=FMC_D1 Pin=U8-105
Added Net: Name=FMC_D1
Added Pin To Net: NetName=FMC_D2 Pin=U7-5
Added Pin To Net: NetName=FMC_D2 Pin=U8-142
Added Net: Name=FMC_D2
Added Pin To Net: NetName=FMC_D3 Pin=U7-7
Added Pin To Net: NetName=FMC_D3 Pin=U8-143
Added Net: Name=FMC_D3
Added Pin To Net: NetName=FMC_D4 Pin=U7-8
Added Pin To Net: NetName=FMC_D4 Pin=U8-68
Added Net: Name=FMC_D4
Added Pin To Net: NetName=FMC_D5 Pin=U7-10
Added Pin To Net: NetName=FMC_D5 Pin=U8-69
Added Net: Name=FMC_D5
Added Pin To Net: NetName=FMC_D6 Pin=U7-11
Added Pin To Net: NetName=FMC_D6 Pin=U8-70
Added Net: Name=FMC_D6
Added Pin To Net: NetName=FMC_D7 Pin=U7-13
Added Pin To Net: NetName=FMC_D7 Pin=U8-73
Added Net: Name=FMC_D7
Added Pin To Net: NetName=FMC_D8 Pin=U7-42
Added Pin To Net: NetName=FMC_D8 Pin=U8-74
Added Net: Name=FMC_D8
Added Pin To Net: NetName=FMC_D9 Pin=U7-44
Added Pin To Net: NetName=FMC_D9 Pin=U8-75
Added Net: Name=FMC_D9
Added Pin To Net: NetName=FMC_D10 Pin=U7-45
Added Pin To Net: NetName=FMC_D10 Pin=U8-76
Added Net: Name=FMC_D10
Added Pin To Net: NetName=FMC_D11 Pin=U7-47
Added Pin To Net: NetName=FMC_D11 Pin=U8-77
Added Net: Name=FMC_D11
Added Pin To Net: NetName=FMC_D12 Pin=U7-48
Added Pin To Net: NetName=FMC_D12 Pin=U8-78
Added Net: Name=FMC_D12
Added Pin To Net: NetName=FMC_D13 Pin=U7-50
Added Pin To Net: NetName=FMC_D13 Pin=U8-96
Added Net: Name=FMC_D13
Added Pin To Net: NetName=FMC_D14 Pin=U7-51
Added Pin To Net: NetName=FMC_D14 Pin=U8-97
Added Net: Name=FMC_D14
Added Pin To Net: NetName=FMC_D15 Pin=U7-53
Added Pin To Net: NetName=FMC_D15 Pin=U8-98
Added Net: Name=FMC_D15
Added Pin To Net: NetName=FMC_NBL0 Pin=U7-15
Added Pin To Net: NetName=FMC_NBL0 Pin=U8-169
Added Net: Name=FMC_NBL0
Added Pin To Net: NetName=FMC_NBL1 Pin=U7-39
Added Pin To Net: NetName=FMC_NBL1 Pin=U8-170
Added Net: Name=FMC_NBL1
Added Pin To Net: NetName=FMC_SDCKE0 Pin=U7-37
Added Pin To Net: NetName=FMC_SDCKE0 Pin=U8-35
Added Net: Name=FMC_SDCKE0
Added Pin To Net: NetName=FMC_SDCLK Pin=U7-38
Added Pin To Net: NetName=FMC_SDCLK Pin=U8-112
Added Net: Name=FMC_SDCLK
Added Pin To Net: NetName=FMC_SDNCAS Pin=U7-17
Added Pin To Net: NetName=FMC_SDNCAS Pin=U8-160
Added Net: Name=FMC_SDNCAS
Added Pin To Net: NetName=FMC_SDNE0 Pin=U7-19
Added Pin To Net: NetName=FMC_SDNE0 Pin=U8-34
Added Net: Name=FMC_SDNE0
Added Pin To Net: NetName=FMC_SDNRAS Pin=U7-18
Added Pin To Net: NetName=FMC_SDNRAS Pin=U8-59
Added Net: Name=FMC_SDNRAS
Added Pin To Net: NetName=FMC_SDNWE Pin=U7-16
Added Pin To Net: NetName=FMC_SDNWE Pin=U8-32
Added Net: Name=FMC_SDNWE
Added Pin To Net: NetName=G0 Pin=J5-13
Added Pin To Net: NetName=G0 Pin=U8-4
Added Net: Name=G0
Added Pin To Net: NetName=G1 Pin=J5-14
Added Pin To Net: NetName=G1 Pin=U8-5
Added Net: Name=G1
Added Pin To Net: NetName=G2 Pin=J5-15
Added Pin To Net: NetName=G2 Pin=U8-128
Added Net: Name=G2
Added Pin To Net: NetName=G3 Pin=J5-16
Added Pin To Net: NetName=G3 Pin=U8-129
Added Net: Name=G3
Added Pin To Net: NetName=G4 Pin=J5-17
Added Pin To Net: NetName=G4 Pin=U8-130
Added Net: Name=G4
Added Pin To Net: NetName=G5 Pin=J5-18
Added Pin To Net: NetName=G5 Pin=U8-131
Added Net: Name=G5
Added Pin To Net: NetName=G6 Pin=J5-19
Added Pin To Net: NetName=G6 Pin=U8-132
Added Net: Name=G6
Added Pin To Net: NetName=G7 Pin=J5-20
Added Pin To Net: NetName=G7 Pin=U8-133
Added Net: Name=G7
Added Pin To Net: NetName=GND Pin=B1-1
Added Pin To Net: NetName=GND Pin=C1-1
Added Pin To Net: NetName=GND Pin=C2-1
Added Pin To Net: NetName=GND Pin=C3-1
Added Pin To Net: NetName=GND Pin=C4-2
Added Pin To Net: NetName=GND Pin=C5-2
Added Pin To Net: NetName=GND Pin=C6-1
Added Pin To Net: NetName=GND Pin=C7-2
Added Pin To Net: NetName=GND Pin=C8-1
Added Pin To Net: NetName=GND Pin=C9-2
Added Pin To Net: NetName=GND Pin=C10-2
Added Pin To Net: NetName=GND Pin=C11-2
Added Pin To Net: NetName=GND Pin=C12-1
Added Pin To Net: NetName=GND Pin=C13-1
Added Pin To Net: NetName=GND Pin=C14-1
Added Pin To Net: NetName=GND Pin=C15-1
Added Pin To Net: NetName=GND Pin=C16-1
Added Pin To Net: NetName=GND Pin=C17-2
Added Pin To Net: NetName=GND Pin=C18-2
Added Pin To Net: NetName=GND Pin=C19-2
Added Pin To Net: NetName=GND Pin=C20-1
Added Pin To Net: NetName=GND Pin=C21-1
Added Pin To Net: NetName=GND Pin=C22-1
Added Pin To Net: NetName=GND Pin=C23-1
Added Pin To Net: NetName=GND Pin=C24-1
Added Pin To Net: NetName=GND Pin=C25-2
Added Pin To Net: NetName=GND Pin=C26-2
Added Pin To Net: NetName=GND Pin=C27-1
Added Pin To Net: NetName=GND Pin=C28-1
Added Pin To Net: NetName=GND Pin=C29-2
Added Pin To Net: NetName=GND Pin=C30-1
Added Pin To Net: NetName=GND Pin=C31-1
Added Pin To Net: NetName=GND Pin=C32-1
Added Pin To Net: NetName=GND Pin=C33-1
Added Pin To Net: NetName=GND Pin=C34-1
Added Pin To Net: NetName=GND Pin=C35-1
Added Pin To Net: NetName=GND Pin=C36-1
Added Pin To Net: NetName=GND Pin=C37-1
Added Pin To Net: NetName=GND Pin=C38-1
Added Pin To Net: NetName=GND Pin=C39-1
Added Pin To Net: NetName=GND Pin=C40-1
Added Pin To Net: NetName=GND Pin=C41-1
Added Pin To Net: NetName=GND Pin=C42-1
Added Pin To Net: NetName=GND Pin=C43-1
Added Pin To Net: NetName=GND Pin=C44-1
Added Pin To Net: NetName=GND Pin=C45-2
Added Pin To Net: NetName=GND Pin=C46-1
Added Pin To Net: NetName=GND Pin=C47-1
Added Pin To Net: NetName=GND Pin=C48-1
Added Pin To Net: NetName=GND Pin=C49-1
Added Pin To Net: NetName=GND Pin=C50-1
Added Pin To Net: NetName=GND Pin=C51-1
Added Pin To Net: NetName=GND Pin=C52-1
Added Pin To Net: NetName=GND Pin=C53-1
Added Pin To Net: NetName=GND Pin=C54-2
Added Pin To Net: NetName=GND Pin=C100-1
Added Pin To Net: NetName=GND Pin=C101-1
Added Pin To Net: NetName=GND Pin=C102-1
Added Pin To Net: NetName=GND Pin=D1-1
Added Pin To Net: NetName=GND Pin=D2-1
Added Pin To Net: NetName=GND Pin=J1-2
Added Pin To Net: NetName=GND Pin=J2-3
Added Pin To Net: NetName=GND Pin=J2-11
Added Pin To Net: NetName=GND Pin=J2-12
Added Pin To Net: NetName=GND Pin=J2-15
Added Pin To Net: NetName=GND Pin=J2-16
Added Pin To Net: NetName=GND Pin=J3-2
Added Pin To Net: NetName=GND Pin=J5-3
Added Pin To Net: NetName=GND Pin=J5-29
Added Pin To Net: NetName=GND Pin=J5-35
Added Pin To Net: NetName=GND Pin=J5-36
Added Pin To Net: NetName=GND Pin=J5-41
Added Pin To Net: NetName=GND Pin=J5-42
Added Pin To Net: NetName=GND Pin=J6-4
Added Pin To Net: NetName=GND Pin=J6-6
Added Pin To Net: NetName=GND Pin=J6-7
Added Pin To Net: NetName=GND Pin=J100-3
Added Pin To Net: NetName=GND Pin=J100-11
Added Pin To Net: NetName=GND Pin=J100-12
Added Pin To Net: NetName=GND Pin=J100-15
Added Pin To Net: NetName=GND Pin=J100-16
Added Pin To Net: NetName=GND Pin=Q3-2
Added Pin To Net: NetName=GND Pin=Q4-2
Added Pin To Net: NetName=GND Pin=Q8-2
Added Pin To Net: NetName=GND Pin=R1-2
Added Pin To Net: NetName=GND Pin=R4-1
Added Pin To Net: NetName=GND Pin=R10-1
Added Pin To Net: NetName=GND Pin=R11-2
Added Pin To Net: NetName=GND Pin=R12-2
Added Pin To Net: NetName=GND Pin=R13-1
Added Pin To Net: NetName=GND Pin=R19-2
Added Pin To Net: NetName=GND Pin=R20-1
Added Pin To Net: NetName=GND Pin=R21-1
Added Pin To Net: NetName=GND Pin=R22-1
Added Pin To Net: NetName=GND Pin=R32-1
Added Pin To Net: NetName=GND Pin=R33-1
Added Pin To Net: NetName=GND Pin=R34-1
Added Pin To Net: NetName=GND Pin=R35-2
Added Pin To Net: NetName=GND Pin=R37-2
Added Pin To Net: NetName=GND Pin=R39-2
Added Pin To Net: NetName=GND Pin=R42-1
Added Pin To Net: NetName=GND Pin=R46-2
Added Pin To Net: NetName=GND Pin=R48-2
Added Pin To Net: NetName=GND Pin=R50-2
Added Pin To Net: NetName=GND Pin=R51-2
Added Pin To Net: NetName=GND Pin=R53-1
Added Pin To Net: NetName=GND Pin=R54-2
Added Pin To Net: NetName=GND Pin=U1-1
Added Pin To Net: NetName=GND Pin=U1-3
Added Pin To Net: NetName=GND Pin=U2-25
Added Pin To Net: NetName=GND Pin=U3-1
Added Pin To Net: NetName=GND Pin=U4-1
Added Pin To Net: NetName=GND Pin=U5-10
Added Pin To Net: NetName=GND Pin=U5-26
Added Pin To Net: NetName=GND Pin=U5-28
Added Pin To Net: NetName=GND Pin=U6-4
Added Pin To Net: NetName=GND Pin=U7-6
Added Pin To Net: NetName=GND Pin=U7-12
Added Pin To Net: NetName=GND Pin=U7-28
Added Pin To Net: NetName=GND Pin=U7-41
Added Pin To Net: NetName=GND Pin=U7-46
Added Pin To Net: NetName=GND Pin=U7-52
Added Pin To Net: NetName=GND Pin=U7-54
Added Pin To Net: NetName=GND Pin=U8-14
Added Pin To Net: NetName=GND Pin=U8-22
Added Pin To Net: NetName=GND Pin=U8-37
Added Pin To Net: NetName=GND Pin=U8-61
Added Pin To Net: NetName=GND Pin=U8-71
Added Pin To Net: NetName=GND Pin=U8-90
Added Pin To Net: NetName=GND Pin=U8-102
Added Pin To Net: NetName=GND Pin=U8-113
Added Pin To Net: NetName=GND Pin=U8-126
Added Pin To Net: NetName=GND Pin=U8-135
Added Pin To Net: NetName=GND Pin=U8-148
Added Pin To Net: NetName=GND Pin=U8-158
Added Pin To Net: NetName=GND Pin=USB1-A12
Added Pin To Net: NetName=GND Pin=USB1-B12
Added Pin To Net: NetName=GND Pin=X1-2
Added Pin To Net: NetName=GND Pin=X1-4
Added Pin To Net: NetName=GND Pin=X2-2
Added Pin To Net: NetName=GND Pin=X2-4
Added Net: Name=GND
Added Pin To Net: NetName=HSYNC Pin=J5-32
Added Pin To Net: NetName=HSYNC Pin=U8-12
Added Net: Name=HSYNC
Added Pin To Net: NetName=KEY0 Pin=C22-2
Added Pin To Net: NetName=KEY0 Pin=R38-2
Added Pin To Net: NetName=KEY0 Pin=R39-1
Added Pin To Net: NetName=KEY0 Pin=U8-162
Added Net: Name=KEY0
Added Pin To Net: NetName=KEY1 Pin=C23-2
Added Pin To Net: NetName=KEY1 Pin=R44-2
Added Pin To Net: NetName=KEY1 Pin=R46-1
Added Pin To Net: NetName=KEY1 Pin=U8-56
Added Net: Name=KEY1
Added Pin To Net: NetName=KEY2 Pin=C24-2
Added Pin To Net: NetName=KEY2 Pin=R47-2
Added Pin To Net: NetName=KEY2 Pin=R48-1
Added Pin To Net: NetName=KEY2 Pin=U8-8
Added Net: Name=KEY2
Added Pin To Net: NetName=LCD_RST Pin=J5-37
Added Pin To Net: NetName=LCD_RST Pin=U8-164
Added Net: Name=LCD_RST
Added Pin To Net: NetName=LEDA Pin=R43-2
Added Pin To Net: NetName=LEDA Pin=U8-161
Added Net: Name=LEDA
Added Pin To Net: NetName=LEDK Pin=R40-2
Added Pin To Net: NetName=LEDK Pin=U8-57
Added Net: Name=LEDK
Added Pin To Net: NetName=LED Pin=D10-1
Added Pin To Net: NetName=LED Pin=U8-47
Added Net: Name=LED
Added Pin To Net: NetName=LINKA Pin=J100-1
Added Pin To Net: NetName=LINKA Pin=J101-12
Added Net: Name=LINKA
Added Pin To Net: NetName=LINKK Pin=J100-2
Added Pin To Net: NetName=LINKK Pin=J101-11
Added Net: Name=LINKK
Added Pin To Net: NetName=LINK Pin=J2-1
Added Pin To Net: NetName=LINK Pin=U2-3
Added Net: Name=LINK
Added Pin To Net: NetName=MISO Pin=U6-2
Added Pin To Net: NetName=MISO Pin=U8-26
Added Net: Name=MISO
Added Pin To Net: NetName=MOSI Pin=U6-5
Added Pin To Net: NetName=MOSI Pin=U8-27
Added Net: Name=MOSI
Added Pin To Net: NetName=NetB1_2 Pin=B1-2
Added Pin To Net: NetName=NetB1_2 Pin=D11-2
Added Net: Name=NetB1_2
Added Pin To Net: NetName=NetC4_1 Pin=C4-1
Added Pin To Net: NetName=NetC4_1 Pin=C5-1
Added Pin To Net: NetName=NetC4_1 Pin=R18-2
Added Pin To Net: NetName=NetC4_1 Pin=U1-4
Added Pin To Net: NetName=NetC4_1 Pin=U1-8
Added Net: Name=NetC4_1
Added Pin To Net: NetName=NetC12_2 Pin=C12-2
Added Pin To Net: NetName=NetC12_2 Pin=C13-2
Added Pin To Net: NetName=NetC12_2 Pin=U2-6
Added Net: Name=NetC12_2
Added Pin To Net: NetName=NetC18_1 Pin=C18-1
Added Pin To Net: NetName=NetC18_1 Pin=U2-4
Added Pin To Net: NetName=NetC18_1 Pin=X1-1
Added Net: Name=NetC18_1
Added Pin To Net: NetName=NetC19_1 Pin=C19-1
Added Pin To Net: NetName=NetC19_1 Pin=U2-5
Added Pin To Net: NetName=NetC19_1 Pin=X1-3
Added Net: Name=NetC19_1
Added Pin To Net: NetName=NetC29_1 Pin=C29-1
Added Pin To Net: NetName=NetC29_1 Pin=D11-3
Added Pin To Net: NetName=NetC29_1 Pin=U8-6
Added Net: Name=NetC29_1
Added Pin To Net: NetName=NetC35_2 Pin=C35-2
Added Pin To Net: NetName=NetC35_2 Pin=C36-2
Added Pin To Net: NetName=NetC35_2 Pin=C37-2
Added Pin To Net: NetName=NetC35_2 Pin=C38-2
Added Pin To Net: NetName=NetC35_2 Pin=C39-2
Added Net: Name=NetC35_2
Added Pin To Net: NetName=NetC40_2 Pin=C40-2
Added Pin To Net: NetName=NetC40_2 Pin=C41-2
Added Pin To Net: NetName=NetC40_2 Pin=C42-2
Added Pin To Net: NetName=NetC40_2 Pin=C43-2
Added Pin To Net: NetName=NetC40_2 Pin=C44-2
Added Net: Name=NetC40_2
Added Pin To Net: NetName=NetC45_1 Pin=C45-1
Added Pin To Net: NetName=NetC45_1 Pin=U8-81
Added Net: Name=NetC45_1
Added Pin To Net: NetName=NetC53_2 Pin=C53-2
Added Pin To Net: NetName=NetC53_2 Pin=L2-2
Added Pin To Net: NetName=NetC53_2 Pin=U8-38
Added Pin To Net: NetName=NetC53_2 Pin=U8-39
Added Net: Name=NetC53_2
Added Pin To Net: NetName=NetC54_1 Pin=C54-1
Added Pin To Net: NetName=NetC54_1 Pin=U8-125
Added Net: Name=NetC54_1
Added Pin To Net: NetName=NetC100_2 Pin=C100-2
Added Pin To Net: NetName=NetC100_2 Pin=J100-5
Added Pin To Net: NetName=NetC100_2 Pin=J101-5
Added Net: Name=NetC100_2
Added Pin To Net: NetName=NetC101_2 Pin=C101-2
Added Pin To Net: NetName=NetC101_2 Pin=J100-6
Added Pin To Net: NetName=NetC101_2 Pin=J101-4
Added Net: Name=NetC101_2
Added Pin To Net: NetName=NetC102_2 Pin=C102-2
Added Pin To Net: NetName=NetC102_2 Pin=J100-7
Added Net: Name=NetC102_2
Added Pin To Net: NetName=NetD1_2 Pin=D1-2
Added Pin To Net: NetName=NetD1_2 Pin=R2-2
Added Net: Name=NetD1_2
Added Pin To Net: NetName=NetD2_2 Pin=D2-2
Added Pin To Net: NetName=NetD2_2 Pin=R3-2
Added Net: Name=NetD2_2
Added Pin To Net: NetName=NetD3_1 Pin=D3-1
Added Pin To Net: NetName=NetD3_1 Pin=R5-2
Added Net: Name=NetD3_1
Added Pin To Net: NetName=NetD4_1 Pin=D4-1
Added Pin To Net: NetName=NetD4_1 Pin=Q2-2
Added Net: Name=NetD4_1
Added Pin To Net: NetName=NetD5_1 Pin=D5-1
Added Pin To Net: NetName=NetD5_1 Pin=R8-2
Added Net: Name=NetD5_1
Added Pin To Net: NetName=NetD6_1 Pin=D6-1
Added Pin To Net: NetName=NetD6_1 Pin=D7-1
Added Pin To Net: NetName=NetD6_1 Pin=J3-1
Added Net: Name=NetD6_1
Added Pin To Net: NetName=NetD6_2 Pin=D6-2
Added Pin To Net: NetName=NetD6_2 Pin=R29-2
Added Net: Name=NetD6_2
Added Pin To Net: NetName=NetD8_1 Pin=D8-1
Added Pin To Net: NetName=NetD8_1 Pin=R35-1
Added Net: Name=NetD8_1
Added Pin To Net: NetName=NetD8_2 Pin=D8-2
Added Pin To Net: NetName=NetD8_2 Pin=U5-22
Added Net: Name=NetD8_2
Added Pin To Net: NetName=NetD9_1 Pin=D9-1
Added Pin To Net: NetName=NetD9_1 Pin=R37-1
Added Net: Name=NetD9_1
Added Pin To Net: NetName=NetD9_2 Pin=D9-2
Added Pin To Net: NetName=NetD9_2 Pin=U5-21
Added Net: Name=NetD9_2
Added Pin To Net: NetName=NetD10_2 Pin=D10-2
Added Pin To Net: NetName=NetD10_2 Pin=R49-2
Added Net: Name=NetD10_2
Added Pin To Net: NetName=NetJ2_2 Pin=J2-2
Added Pin To Net: NetName=NetJ2_2 Pin=R22-2
Added Net: Name=NetJ2_2
Added Pin To Net: NetName=NetJ2_13 Pin=J2-13
Added Pin To Net: NetName=NetJ2_13 Pin=R32-2
Added Net: Name=NetJ2_13
Added Pin To Net: NetName=NetJ4_1 Pin=J4-1
Added Pin To Net: NetName=NetJ4_1 Pin=R38-1
Added Net: Name=NetJ4_1
Added Pin To Net: NetName=NetJ5_2 Pin=J5-2
Added Pin To Net: NetName=NetJ5_2 Pin=R41-1
Added Pin To Net: NetName=NetJ5_2 Pin=R43-1
Added Net: Name=NetJ5_2
Added Pin To Net: NetName=NetJ7_1 Pin=J7-1
Added Pin To Net: NetName=NetJ7_1 Pin=R44-1
Added Net: Name=NetJ7_1
Added Pin To Net: NetName=NetJ8_1 Pin=J8-1
Added Pin To Net: NetName=NetJ8_1 Pin=R47-1
Added Net: Name=NetJ8_1
Added Pin To Net: NetName=NetQ2_1 Pin=Q2-1
Added Pin To Net: NetName=NetQ2_1 Pin=Q4-3
Added Net: Name=NetQ2_1
Added Pin To Net: NetName=NetQ3_1 Pin=Q3-1
Added Pin To Net: NetName=NetQ3_1 Pin=R12-1
Added Pin To Net: NetName=NetQ3_1 Pin=R16-2
Added Net: Name=NetQ3_1
Added Pin To Net: NetName=NetQ3_3 Pin=Q3-3
Added Pin To Net: NetName=NetQ3_3 Pin=Q5-1
Added Net: Name=NetQ3_3
Added Pin To Net: NetName=NetQ4_1 Pin=Q4-1
Added Pin To Net: NetName=NetQ4_1 Pin=R15-2
Added Pin To Net: NetName=NetQ4_1 Pin=R20-2
Added Net: Name=NetQ4_1
Added Pin To Net: NetName=NetQ5_3 Pin=Q5-3
Added Pin To Net: NetName=NetQ5_3 Pin=U3-3
Added Net: Name=NetQ5_3
Added Pin To Net: NetName=NetQ6_1 Pin=Q6-1
Added Pin To Net: NetName=NetQ6_1 Pin=Q7-3
Added Pin To Net: NetName=NetQ6_1 Pin=Q8-3
Added Pin To Net: NetName=NetQ6_1 Pin=R25-1
Added Pin To Net: NetName=NetQ6_1 Pin=R29-1
Added Net: Name=NetQ6_1
Added Pin To Net: NetName=NetQ6_3 Pin=Q6-3
Added Pin To Net: NetName=NetQ6_3 Pin=U4-3
Added Net: Name=NetQ6_3
Added Pin To Net: NetName=NetQ7_1 Pin=Q7-1
Added Pin To Net: NetName=NetQ7_1 Pin=R24-1
Added Pin To Net: NetName=NetQ7_1 Pin=R26-2
Added Net: Name=NetQ7_1
Added Pin To Net: NetName=NetQ8_1 Pin=Q8-1
Added Pin To Net: NetName=NetQ8_1 Pin=R31-2
Added Pin To Net: NetName=NetQ8_1 Pin=R34-2
Added Net: Name=NetQ8_1
Added Pin To Net: NetName=NetR4_2 Pin=R4-2
Added Pin To Net: NetName=NetR4_2 Pin=U1-2
Added Net: Name=NetR4_2
Added Pin To Net: NetName=NetR5_1 Pin=R5-1
Added Pin To Net: NetName=NetR5_1 Pin=U1-7
Added Net: Name=NetR5_1
Added Pin To Net: NetName=NetR6_2 Pin=R6-2
Added Pin To Net: NetName=NetR6_2 Pin=U2-12
Added Net: Name=NetR6_2
Added Pin To Net: NetName=NetR8_1 Pin=R8-1
Added Pin To Net: NetName=NetR8_1 Pin=U1-6
Added Net: Name=NetR8_1
Added Pin To Net: NetName=NetR10_2 Pin=R10-2
Added Pin To Net: NetName=NetR10_2 Pin=USB1-A5
Added Net: Name=NetR10_2
Added Pin To Net: NetName=NetR13_2 Pin=R13-2
Added Pin To Net: NetName=NetR13_2 Pin=USB1-B5
Added Net: Name=NetR13_2
Added Pin To Net: NetName=NetR21_2 Pin=R21-2
Added Pin To Net: NetName=NetR21_2 Pin=U2-24
Added Net: Name=NetR21_2
Added Pin To Net: NetName=NetR54_1 Pin=R54-1
Added Pin To Net: NetName=NetR54_1 Pin=U8-48
Added Net: Name=NetR54_1
Added Pin To Net: NetName=NetR55_1 Pin=R55-1
Added Pin To Net: NetName=NetR55_1 Pin=U8-31
Added Net: Name=NetR55_1
Added Pin To Net: NetName=OSC1 Pin=C25-1
Added Pin To Net: NetName=OSC1 Pin=U8-29
Added Pin To Net: NetName=OSC1 Pin=X2-1
Added Net: Name=OSC1
Added Pin To Net: NetName=OSC2 Pin=C26-1
Added Pin To Net: NetName=OSC2 Pin=U8-30
Added Pin To Net: NetName=OSC2 Pin=X2-3
Added Net: Name=OSC2
Added Pin To Net: NetName=OSC32_IN Pin=C27-2
Added Pin To Net: NetName=OSC32_IN Pin=U8-9
Added Pin To Net: NetName=OSC32_IN Pin=X3-1
Added Net: Name=OSC32_IN
Added Pin To Net: NetName=OSC32_OUT Pin=C28-2
Added Pin To Net: NetName=OSC32_OUT Pin=U8-10
Added Pin To Net: NetName=OSC32_OUT Pin=X3-2
Added Net: Name=OSC32_OUT
Added Pin To Net: NetName=POWER_DOWN Pin=D7-2
Added Pin To Net: NetName=POWER_DOWN Pin=R23-1
Added Pin To Net: NetName=POWER_DOWN Pin=U8-115
Added Net: Name=POWER_DOWN
Added Pin To Net: NetName=POWER_MM Pin=R26-1
Added Pin To Net: NetName=POWER_MM Pin=U8-116
Added Net: Name=POWER_MM
Added Pin To Net: NetName=POWER_M Pin=R31-1
Added Pin To Net: NetName=POWER_M Pin=R33-2
Added Pin To Net: NetName=POWER_M Pin=U8-51
Added Net: Name=POWER_M
Added Pin To Net: NetName=POWER_P Pin=R11-1
Added Pin To Net: NetName=POWER_P Pin=R16-1
Added Pin To Net: NetName=POWER_P Pin=U8-50
Added Net: Name=POWER_P
Added Pin To Net: NetName=R0 Pin=J5-1
Added Pin To Net: NetName=R0 Pin=J5-5
Added Pin To Net: NetName=R0 Pin=R40-1
Added Pin To Net: NetName=R0 Pin=R42-2
Added Pin To Net: NetName=R0 Pin=U8-43
Added Net: Name=R0
Added Pin To Net: NetName=R1 Pin=J5-6
Added Pin To Net: NetName=R1 Pin=U8-44
Added Net: Name=R1
Added Pin To Net: NetName=R2 Pin=J5-7
Added Pin To Net: NetName=R2 Pin=U8-85
Added Net: Name=R2
Added Pin To Net: NetName=R3 Pin=J5-8
Added Pin To Net: NetName=R3 Pin=U8-86
Added Net: Name=R3
Added Pin To Net: NetName=R4 Pin=J5-9
Added Pin To Net: NetName=R4 Pin=U8-87
Added Net: Name=R4
Added Pin To Net: NetName=R5 Pin=J5-10
Added Pin To Net: NetName=R5 Pin=U8-88
Added Net: Name=R5
Added Pin To Net: NetName=R6 Pin=J5-11
Added Pin To Net: NetName=R6 Pin=U8-89
Added Net: Name=R6
Added Pin To Net: NetName=R7 Pin=J5-12
Added Pin To Net: NetName=R7 Pin=U8-110
Added Net: Name=R7
Added Pin To Net: NetName=RMII_CRS_DV Pin=U2-11
Added Pin To Net: NetName=RMII_CRS_DV Pin=U8-53
Added Net: Name=RMII_CRS_DV
Added Pin To Net: NetName=RMII_REF_CLK Pin=U2-14
Added Pin To Net: NetName=RMII_REF_CLK Pin=U8-41
Added Net: Name=RMII_REF_CLK
Added Pin To Net: NetName=RMII_RXD0 Pin=U2-8
Added Pin To Net: NetName=RMII_RXD0 Pin=U8-54
Added Net: Name=RMII_RXD0
Added Pin To Net: NetName=RMII_RXD1 Pin=U2-7
Added Pin To Net: NetName=RMII_RXD1 Pin=U8-55
Added Net: Name=RMII_RXD1
Added Pin To Net: NetName=RMII_TX_EN Pin=U2-16
Added Pin To Net: NetName=RMII_TX_EN Pin=U8-80
Added Net: Name=RMII_TX_EN
Added Pin To Net: NetName=RMII_TXD0 Pin=U2-17
Added Pin To Net: NetName=RMII_TXD0 Pin=U8-156
Added Net: Name=RMII_TXD0
Added Pin To Net: NetName=RMII_TXD1 Pin=U2-18
Added Pin To Net: NetName=RMII_TXD1 Pin=U8-157
Added Net: Name=RMII_TXD1
Added Pin To Net: NetName=SCK Pin=U6-6
Added Pin To Net: NetName=SCK Pin=U8-25
Added Net: Name=SCK
Added Pin To Net: NetName=SCL Pin=J5-39
Added Pin To Net: NetName=SCL Pin=U8-167
Added Net: Name=SCL
Added Pin To Net: NetName=SDA Pin=J5-38
Added Pin To Net: NetName=SDA Pin=U8-165
Added Net: Name=SDA
Added Pin To Net: NetName=SGND Pin=J101-8
Added Pin To Net: NetName=SGND Pin=J101-SH1
Added Pin To Net: NetName=SGND Pin=J101-SH2
Added Pin To Net: NetName=SGND Pin=USB1-7
Added Pin To Net: NetName=SGND Pin=USB1-7
Added Pin To Net: NetName=SGND Pin=USB1-7
Added Pin To Net: NetName=SGND Pin=USB1-7
Added Net: Name=SGND
Added Pin To Net: NetName=SPEEDA Pin=J100-13
Added Pin To Net: NetName=SPEEDA Pin=J101-9
Added Net: Name=SPEEDA
Added Pin To Net: NetName=SPEEDK Pin=J100-14
Added Pin To Net: NetName=SPEEDK Pin=J101-10
Added Net: Name=SPEEDK
Added Pin To Net: NetName=SPEED Pin=J2-14
Added Pin To Net: NetName=SPEED Pin=R19-1
Added Pin To Net: NetName=SPEED Pin=U2-2
Added Net: Name=SPEED
Added Pin To Net: NetName=SPI_CS Pin=R30-1
Added Pin To Net: NetName=SPI_CS Pin=U6-1
Added Pin To Net: NetName=SPI_CS Pin=U8-24
Added Net: Name=SPI_CS
Added Pin To Net: NetName=SWDCLK Pin=J6-2
Added Pin To Net: NetName=SWDCLK Pin=U8-137
Added Net: Name=SWDCLK
Added Pin To Net: NetName=SWDIO Pin=J6-3
Added Pin To Net: NetName=SWDIO Pin=R45-2
Added Pin To Net: NetName=SWDIO Pin=U8-124
Added Net: Name=SWDIO
Added Pin To Net: NetName=TPRX_N Pin=J2-4
Added Pin To Net: NetName=TPRX_N Pin=J100-4
Added Pin To Net: NetName=TPRX_N Pin=J101-6
Added Pin To Net: NetName=TPRX_N Pin=R17-1
Added Pin To Net: NetName=TPRX_N Pin=U2-22
Added Net: Name=TPRX_N
Added Pin To Net: NetName=TPRX_P Pin=J2-8
Added Pin To Net: NetName=TPRX_P Pin=J100-8
Added Pin To Net: NetName=TPRX_P Pin=J101-3
Added Pin To Net: NetName=TPRX_P Pin=R14-1
Added Pin To Net: NetName=TPRX_P Pin=U2-23
Added Net: Name=TPRX_P
Added Pin To Net: NetName=TPTX_N Pin=J2-9
Added Pin To Net: NetName=TPTX_N Pin=J100-9
Added Pin To Net: NetName=TPTX_N Pin=J101-2
Added Pin To Net: NetName=TPTX_N Pin=R9-1
Added Pin To Net: NetName=TPTX_N Pin=U2-20
Added Net: Name=TPTX_N
Added Pin To Net: NetName=TPTX_P Pin=J2-10
Added Pin To Net: NetName=TPTX_P Pin=J100-10
Added Pin To Net: NetName=TPTX_P Pin=J101-1
Added Pin To Net: NetName=TPTX_P Pin=R7-1
Added Pin To Net: NetName=TPTX_P Pin=U2-21
Added Net: Name=TPTX_P
Added Pin To Net: NetName=VBAT Pin=C6-2
Added Pin To Net: NetName=VBAT Pin=J1-1
Added Pin To Net: NetName=VBAT Pin=Q1-3
Added Pin To Net: NetName=VBAT Pin=R52-2
Added Pin To Net: NetName=VBAT Pin=U1-5
Added Net: Name=VBAT
Added Pin To Net: NetName=VBUS Pin=C8-2
Added Pin To Net: NetName=VBUS Pin=D4-2
Added Pin To Net: NetName=VBUS Pin=Q1-2
Added Pin To Net: NetName=VBUS Pin=Q5-2
Added Pin To Net: NetName=VBUS Pin=Q6-2
Added Pin To Net: NetName=VBUS Pin=Q7-2
Added Pin To Net: NetName=VBUS Pin=R24-2
Added Pin To Net: NetName=VBUS Pin=R25-2
Added Net: Name=VBUS
Added Pin To Net: NetName=VCCEA Pin=C2-2
Added Pin To Net: NetName=VCCEA Pin=C3-2
Added Pin To Net: NetName=VCCEA Pin=C15-2
Added Pin To Net: NetName=VCCEA Pin=C16-2
Added Pin To Net: NetName=VCCEA Pin=J2-5
Added Pin To Net: NetName=VCCEA Pin=J2-6
Added Pin To Net: NetName=VCCEA Pin=J2-7
Added Pin To Net: NetName=VCCEA Pin=L1-2
Added Pin To Net: NetName=VCCEA Pin=R7-2
Added Pin To Net: NetName=VCCEA Pin=R9-2
Added Pin To Net: NetName=VCCEA Pin=R14-2
Added Pin To Net: NetName=VCCEA Pin=R17-2
Added Pin To Net: NetName=VCCEA Pin=U2-1
Added Pin To Net: NetName=VCCEA Pin=U2-19
Added Net: Name=VCCEA
Added Pin To Net: NetName=VCCM Pin=C10-1
Added Pin To Net: NetName=VCCM Pin=C11-1
Added Pin To Net: NetName=VCCM Pin=C17-1
Added Pin To Net: NetName=VCCM Pin=C30-2
Added Pin To Net: NetName=VCCM Pin=C31-2
Added Pin To Net: NetName=VCCM Pin=C32-2
Added Pin To Net: NetName=VCCM Pin=C33-2
Added Pin To Net: NetName=VCCM Pin=C34-2
Added Pin To Net: NetName=VCCM Pin=C46-2
Added Pin To Net: NetName=VCCM Pin=C47-2
Added Pin To Net: NetName=VCCM Pin=C48-2
Added Pin To Net: NetName=VCCM Pin=C49-2
Added Pin To Net: NetName=VCCM Pin=C50-2
Added Pin To Net: NetName=VCCM Pin=C51-2
Added Pin To Net: NetName=VCCM Pin=C52-2
Added Pin To Net: NetName=VCCM Pin=D11-1
Added Pin To Net: NetName=VCCM Pin=J6-1
Added Pin To Net: NetName=VCCM Pin=L2-1
Added Pin To Net: NetName=VCCM Pin=R3-1
Added Pin To Net: NetName=VCCM Pin=R23-2
Added Pin To Net: NetName=VCCM Pin=R30-2
Added Pin To Net: NetName=VCCM Pin=R45-1
Added Pin To Net: NetName=VCCM Pin=R55-2
Added Pin To Net: NetName=VCCM Pin=U4-2
Added Pin To Net: NetName=VCCM Pin=U6-3
Added Pin To Net: NetName=VCCM Pin=U6-7
Added Pin To Net: NetName=VCCM Pin=U6-8
Added Pin To Net: NetName=VCCM Pin=U7-1
Added Pin To Net: NetName=VCCM Pin=U7-3
Added Pin To Net: NetName=VCCM Pin=U7-9
Added Pin To Net: NetName=VCCM Pin=U7-14
Added Pin To Net: NetName=VCCM Pin=U7-27
Added Pin To Net: NetName=VCCM Pin=U7-43
Added Pin To Net: NetName=VCCM Pin=U7-49
Added Pin To Net: NetName=VCCM Pin=U8-15
Added Pin To Net: NetName=VCCM Pin=U8-23
Added Pin To Net: NetName=VCCM Pin=U8-36
Added Pin To Net: NetName=VCCM Pin=U8-49
Added Pin To Net: NetName=VCCM Pin=U8-62
Added Pin To Net: NetName=VCCM Pin=U8-72
Added Pin To Net: NetName=VCCM Pin=U8-82
Added Pin To Net: NetName=VCCM Pin=U8-91
Added Pin To Net: NetName=VCCM Pin=U8-103
Added Pin To Net: NetName=VCCM Pin=U8-114
Added Pin To Net: NetName=VCCM Pin=U8-127
Added Pin To Net: NetName=VCCM Pin=U8-136
Added Pin To Net: NetName=VCCM Pin=U8-149
Added Pin To Net: NetName=VCCM Pin=U8-159
Added Pin To Net: NetName=VCCM Pin=U8-171
Added Pin To Net: NetName=VCCM Pin=U8-172
Added Net: Name=VCCM
Added Pin To Net: NetName=VCCP Pin=C1-2
Added Pin To Net: NetName=VCCP Pin=C7-1
Added Pin To Net: NetName=VCCP Pin=C9-1
Added Pin To Net: NetName=VCCP Pin=C14-2
Added Pin To Net: NetName=VCCP Pin=C20-2
Added Pin To Net: NetName=VCCP Pin=C21-2
Added Pin To Net: NetName=VCCP Pin=J4-2
Added Pin To Net: NetName=VCCP Pin=J5-4
Added Pin To Net: NetName=VCCP Pin=J7-2
Added Pin To Net: NetName=VCCP Pin=J8-2
Added Pin To Net: NetName=VCCP Pin=L1-1
Added Pin To Net: NetName=VCCP Pin=R2-1
Added Pin To Net: NetName=VCCP Pin=R27-2
Added Pin To Net: NetName=VCCP Pin=R28-2
Added Pin To Net: NetName=VCCP Pin=R36-2
Added Pin To Net: NetName=VCCP Pin=R41-2
Added Pin To Net: NetName=VCCP Pin=R49-1
Added Pin To Net: NetName=VCCP Pin=U2-9
Added Pin To Net: NetName=VCCP Pin=U3-2
Added Pin To Net: NetName=VCCP Pin=U5-9
Added Net: Name=VCCP
Added Pin To Net: NetName=VSYNC Pin=J5-33
Added Pin To Net: NetName=VSYNC Pin=U8-11
Added Net: Name=VSYNC
Added Pin To Net: NetName=VUSB Pin=D3-2
Added Pin To Net: NetName=VUSB Pin=D5-2
Added Pin To Net: NetName=VUSB Pin=Q1-1
Added Pin To Net: NetName=VUSB Pin=Q2-3
Added Pin To Net: NetName=VUSB Pin=R1-1
Added Pin To Net: NetName=VUSB Pin=R15-1
Added Pin To Net: NetName=VUSB Pin=R18-1
Added Pin To Net: NetName=VUSB Pin=USB1-A9
Added Pin To Net: NetName=VUSB Pin=USB1-B9
Added Net: Name=VUSB
Added Pin To Net: NetName=WIFI_RST Pin=R36-1
Added Pin To Net: NetName=WIFI_RST Pin=U5-8
Added Pin To Net: NetName=WIFI_RST Pin=U8-92
Added Net: Name=WIFI_RST
Added Pin To Net: NetName=WIFI_R Pin=R27-1
Added Pin To Net: NetName=WIFI_R Pin=U5-2
Added Pin To Net: NetName=WIFI_R Pin=U8-120
Added Net: Name=WIFI_R
Added Pin To Net: NetName=WIFI_T Pin=R28-1
Added Pin To Net: NetName=WIFI_T Pin=U5-1
Added Pin To Net: NetName=WIFI_T Pin=U8-121
Added Net: Name=WIFI_T
Added Class: Name=kernel
Added Room: Name=kernel
